이희경 사람 되게 젛은듯,1
이희경 사람 되게 젛은듯,1
[썸연매거진]인교진처럼 스윗한 남자와 결혼하면 행복한 이유 5,1
Dailyexpress247|인교진처럼 '쏘스윗'한 남자와 결혼하면 행복한 이유 5가지,1
"&lt;진심이 닿다&gt;팀의 진심이 담긴 고사 현장!
2019년 진심이 닿다 대박 터지세요~",1
"[티저] 서로에게 닿은 이동욱x유인나, 설렘터짐",1
"진심이 닿다티저 포스터 비하인드
여러분 개안하고 가세유..!
.",1
"touch your heart [티저] 
서로에게 닿은 이동욱x유인나, 설렘터짐",1
"[티저] 서로에게 닿은 이동욱x유인나, 설렘터짐",1
"인순이, 60대 나이 믿기지 않는 발랄함…“코엑스에서 관광객모드”",1
"효진이 노래 너무 잘해요
[온앤오프] 인순이 아버지 생라이브, 효진&amp;엠케이, 심멎~",1
나 인순이 님 노래 코앞에서 들었는데 원래 막 노래듣고 우는거 이해 안댓는데 걍 눈물 막 주룩주룩 나오고 그랬었는데..진짜 대단하시더라,1
"효진이 노래 너무 잘해요
[온앤오프] 인순이 아버지 생라이브, 효진&amp;엠케이, 심멎~",1
"효진이 노래 너무 잘해요
[온앤오프] 인순이 아버지 생라이브, 효진&amp;엠케이, 심멎~",1
"뭐야? 열음 첫 순서 인순이야?
저 누나 오랜만이네.. 사스갓..",1
"효진이 노래 너무 잘해요
[온앤오프] 인순이 아버지 생라이브, 효진&amp;엠케이, 심멎~",1
"뭐야? 열음 첫 순서 인순이야?
저 누나 오랜만이네.. 사스갓..",1
"효진이 노래 너무 잘해요
[온앤오프] 인순이 아버지 생라이브, 효진&amp;엠케이, 심멎~",1
망함 일라이 진심 귀여움,1
아 안젤리카가 망설임없이 일라이자의 행복을 자신의 행복보다 먼저 선택할거라고 하는 거 너무 개쩔어버리고...,1
앗ㅅ쉬 안젤리카가 일라이자 사랑한다고 하는 부분에서 환장해버려요,1
"언젠가 했던 낙서
솔직히 최애캐는 일라이인데 정원사가 너무 귀여워서 계속 그리게 된다.... 내가그린건 안 귀엽지만 말이야...
아래고양이는 그냥 무시하세요…",1
"하악
지 5인격에서 애들 맞거나 누우면 신음소리 내잔아요
그리고 풍선에서 벗어날려고 할 때 또 발버둥 소 리 들 리 고
일라이 한번쯤은 풍선에 묶여도 힘들어서 신음소리나 거친 숨소리 같은 거 낸 적이 있지안을까
풍선에 묶엿으니끼 귀옆에서 들릴텐데ㅠ와씨 개지리네",1
"헐!헐!헐-! 저 그 샤먼 어려진거 일라이가 안고있는거욯ㅎㅎㅎ 
새해 첫날 덕분에 행볶해졌어요
냐하님 츽오!",1
일라이 안대벗으면 순둥한 느낌이라 더 조아,1
망함 일라이 진심 귀여움,1
아 안젤리카가 망설임없이 일라이자의 행복을 자신의 행복보다 먼저 선택할거라고 하는 거 너무 개쩔어버리고...,1
앗ㅅ쉬 안젤리카가 일라이자 사랑한다고 하는 부분에서 환장해버려요,1
"언젠가 했던 낙서
솔직히 최애캐는 일라이인데 정원사가 너무 귀여워서 계속 그리게 된다.... 내가그린건 안 귀엽지만 말이야...
아래고양이는 그냥 무시하세요...",1
"하악
지 5인격에서 애들 맞거나 누우면 신음소리 내잔아요
그리고 풍선에서 벗어날려고 할 때 또 발버둥 소 리 들 리 고
일라이 한번쯤은 풍선에 묶여도 힘들어서 신음소리나 거친 숨소리 같은 거 낸 적이 있지안을까
풍선에 묶엿으니끼 귀옆에서 들릴텐데ㅠ와씨 개지리네",1
"헐!헐!헐-! 저 그 샤먼 어려진거 일라이가 안고있는거욯ㅎㅎㅎ 
새해 첫날 덕분에 행볶해졌어요
냐하님 츽오!",1
일라이 안대벗으면 순둥한 느낌이라 더 조아,1
미안하다 사랑한다 임수정 니트같은거 입고는 대왕성냥개비들고 춤추는 강양이 진짜 귀여워서 어떡하지 진짜 ㅎ ㅏ.......,1
미사 임수정니트같은 거 입꾸 너무 신나버린,1
진짜 난리났다 증말... 나한텐 니가 이영애고 임수정이다....아아...이게 무슨일이냐ㅠㅠㅠㅠㅠㅠㅠㅠ,1
박범준씨와 임수정씨가ㅋㅋㅋㅋ 만났어ㅋㅋㅋㅋㅋㅋㅋㅋㅋㅋㅋㅋ,1
박범준씨와 임수정씨가ㅋㅋㅋㅋ 만났어ㅋㅋㅋㅋㅋㅋㅋㅋㅋㅋㅋㅋ,1
임수향씨 너무 예뻐요 ㅠㅜ,1
임수향????헐 이뻐ㅠㅠㅇ,1
임수향 완전 이뻐ㅜㅜ ㅠ,1
아 진짜 임수향분ㅠㅜㅡㅠㅜㅡㅠㅠㅠㅠㅠ,1
임슬옹목소리넘좋아,1
임슬옹목소리넘좋아,1
귀여워~ 증말,1
올해도 고등학생이구요 반탈커 했습니다 ㅜ.ㅠ 소통을 잘 못해서 먼저 다가와주셨으면 좋겠어요.. 03부터 와주셨으면 좋겠어요 같이 자캐 관계 쪄요... 저는 1차 2.5D만 합니다 배우좋아해요 특히 임시완... 알티위주로 맞을 것 같은 분들 찾아갈게욧!,1
"라디오에서 자기가 대단하다고 느낄때가
검색창에 임만쳤는데 임시완으로 자동완성 뜰때래.....ㅋㅋㅋㅋㅋㅋㅋㅋ개귀엽잖엌ㅋㅋㅋㅋㅋ",1
근데 설경구 재호현수 알거아냐 자기 영화 관련이고 성실하니까 근데 임시완은 오우 그런거 시완이 못생긴만큼이라도 느껴도(느끼지말란말) 설은 할아버지라 아 잘 표현됐구나 관객한테 인정받았구나 할듯ㅋㅋㅋㅋ오빠 불한당2에선 키스신 가자고해 당신 주사 뻡뻐자나 형나경에서 막걸리먹어도 사랑해,1
임시완 정말 부럽다(그래요 오늘은 부럽다 시리즈임다 진짜 지얼굴 ㅋㅋㅋㅋㅋㅋㅋ보면 거울에 입술박치기하겠다 세달만있어라 니세상이다 그리고 경구형 술사조 ㅜㅜㅜㅜ할수있는게 제일 부럽고 어휴 전 빻았습니다 새해라고 뭐가 달라지겠어,1
근데 임시완 군대까지 가서 이럴일이야?? 우리가 또래고 내또래는 저런게 한개도 없어 한개도 증말 개도아까워 국가차원에서 보호할 얼굴을 너무 고생시키는거 아니냐 하아아악,1
나의 승리다 제대해 임시완,1
"아 자꾸 생각난다 어떡하지 동생이 막 나한테 뱅ㅌㅏㄴ  ㄹㅐㅁ모ㄴ이 얼굴 잘생겨서 좋다는 반친구한테 '그래? 너 래ㅁ모ㄴ 닮았다~! '하니까 그친구가 정색하면서 어머~농담도참! 했다는거 생각난다ㅋㅋㄱㅋ
나는 나한테  '와~, 너 임시완 닮았다~!'하면  우리 시완이한테 욕하지말라고 할것같은데",1
귀여워~ 증말,1
올해도 고등학생이구요 반탈커 했습니다 ㅜ.ㅠ 소통을 잘 못해서 먼저 다가와주셨으면 좋겠어요.. 03부터 와주셨으면 좋겠어요 같이 자캐 관계 쪄요... 저는 1차 2.5D만 합니다 배우좋아해요 특히 임시완... 알티위주로 맞을 것 같은 분들 찾아갈게욧!,1
"라디오에서 자기가 대단하다고 느낄때가
검색창에 임만쳤는데 임시완으로 자동완성 뜰때래.....ㅋㅋㅋㅋㅋㅋㅋㅋ개귀엽잖엌ㅋㅋㅋㅋㅋ",1
근데 설경구 재호현수 알거아냐 자기 영화 관련이고 성실하니까 근데 임시완은 오우 그런거 시완이 못생긴만큼이라도 느껴도(느끼지말란말) 설은 할아버지라 아 잘 표현됐구나 관객한테 인정받았구나 할듯ㅋㅋㅋㅋ오빠 불한당2에선 키스신 가자고해 당신 주사 뻡뻐자나 형나경에서 막걸리먹어도 사랑해,1
임시완 정말 부럽다(그래요 오늘은 부럽다 시리즈임다 진짜 지얼굴 ㅋㅋㅋㅋㅋㅋㅋ보면 거울에 입술박치기하겠다 세달만있어라 니세상이다 그리고 경구형 술사조 ㅜㅜㅜㅜ할수있는게 제일 부럽고 어휴 전 빻았습니다 새해라고 뭐가 달라지겠어,1
근데 임시완 군대까지 가서 이럴일이야?? 우리가 또래고 내또래는 저런게 한개도 없어 한개도 증말 개도아까워 국가차원에서 보호할 얼굴을 너무 고생시키는거 아니냐 하아아악,1
나의 승리다 제대해 임시완,1
"아 자꾸 생각난다 어떡하지 동생이 막 나한테 뱅ㅌㅏㄴ  ㄹㅐㅁ모ㄴ이 얼굴 잘생겨서 좋다는 반친구한테 '그래? 너 래ㅁ모ㄴ 닮았다~! '하니까 그친구가 정색하면서 어머~농담도참! 했다는거 생각난다ㅋㅋㄱㅋ
나는 나한테  '와~, 너 임시완 닮았다~!'하면  우리 시완이한테 욕하지말라고 할것같은데",1
"진자 임시완사랑맨이었스니,, 올해도 열심히 임시완사랑맨 할 것이다..",1
뉴스공장 임요환 선수 인터뷰. 진짜 멋지다.  꼭 세계 참피온 되시길. 응원합니다!,1
"1.닉네임 뜻
Halfhearted는 마음이 내키지않는다는 뜻이에요 즉 닉네임 짓는게 내키지않아서 쓴 닉네임입니다
HalF_HearteD 의 대문자구조가 좀 특이한데 이건 어렸을때 우상이던 임요환선수의 닉네임에서 아이디어를 따온겁니다!(SlayerS_BoxeR)스타 완전 좋아해요!",1
뉴스공장 임요환 선수 인터뷰. 진짜 멋지다.  꼭 세계 참피온 되시길. 응원합니다!,1
"1.닉네임 뜻
Halfhearted는 마음이 내키지않는다는 뜻이에요 즉 닉네임 짓는게 내키지않아서 쓴 닉네임입니다
HalF_HearteD 의 대문자구조가 좀 특이한데 이건 어렸을때 우상이던 임요환선수의 닉네임에서 아이디어를 따온겁니다!(SlayerS_BoxeR)스타 완전 좋아해요!",1
뉴스공장 임요환 선수 인터뷰. 진짜 멋지다.  꼭 세계 참피온 되시길. 응원합니다!,1
"1.닉네임 뜻
Halfhearted는 마음이 내키지않는다는 뜻이에요 즉 닉네임 짓는게 내키지않아서 쓴 닉네임입니다
HalF_HearteD 의 대문자구조가 좀 특이한데 이건 어렸을때 우상이던 임요환선수의 닉네임에서 아이디어를 따온겁니다!(SlayerS_BoxeR)스타 완전 좋아해요!",1
임원희 잘됐으면 좋겠다,1
"건강이최고야 
임재범 귀엽게 뭐하는거얗ㅎㅎㅎ",1
"임재범 즐기고있지,,,, ㅋㅋㅋ",1
"건강이최고야 
임재범 귀엽게 뭐하는거얗ㅎㅎㅎ",1
"임재범 즐기고있지,,,, ㅋㅋㅋ",1
뜻대로 되지 않아 속상한 자두야.... 기여워서 계속 돌려보면서 웃는중 ㅋㅋㅋㅋㅋㅋㅋㅋㅋㅋㅋㅋㅋ,1
실망한 자두 뽈록 귀여워 ㅜㅜㅜㅜㅜ,1
새로 오신 분들 우리 자두 보실래요(중증,1
뒤에 빼꼼 잡힌것뚜 너무 멋진 자두ㅠㅁㅠ,1
자두 복 만이 밧아,1
"181231 MBC 가요대제전 리액션 (태형FOCUS) 
4K 
세상까리하게 춤도추고 리듬도타고 흥이 한도초과된 MC자두 보고가실께요",1
"자두님 저도,, 저도요,,, 이거 진짜 미치겠어요 계속 생각나 어떡햌ㅋㅋㅋㅋㅋㅋㅋㅋㅋㅋㅋㅋㅋㅋㅋ 새벽반 친구들 얼른 이거 봐줘요 개웃기니까",1
중딩 자두 보고싶어서 폰으로 싸지름.....중고딩 윤자 최고 중딩자두는 단발이 진리 ㅠ,1
자두는 뚁땽해 ㅠㅠㅠㅠ,1
자두 기여워..,1
자두 제일 귀여웠어 ... 웅 ....,1
아자두 개귀여워 내꺼 움쪽 ㅡㅡ,1
"아 미치겠다ᄁᄀᄏᄏᄀᄏ 지금 우리 가족 나 빼고 노루 바이러스 걸려서 막 토하고 난리 났는데 언니가 이온음료나 과일 먹고싶다고 난리치면서 기영이랑 자두의 심정을 알것같데ㅣㅋㅋㄱㄱㅣㅣ
ㅋ
ㅋ
ㄱ
ㅋ
ㅋ
ㅋㅋㅋㅋㄱ기
이거 사 줘야해 말아야햌ㅋㅋㅋㄱㄲ",1
"안녕자두야보다 귀여워
도로록 말린 머리가 초코소프트아이스크림수준",1
자몽자두 하 머리색 넘.. 머리색 넘 (,1
뜻대로 되지 않아 속상한 자두야.... 기여워서 계속 돌려보면서 웃는중 ㅋㅋㅋㅋㅋㅋㅋㅋㅋㅋㅋㅋㅋ,1
실망한 자두 뽈록 귀여워 ㅜㅜㅜㅜㅜ,1
새로 오신 분들 우리 자두 보실래요(중증,1
뒤에 빼꼼 잡힌것뚜 너무 멋진 자두ㅠㅁㅠ,1
자두 복 만이 밧아,1
"181231 MBC 가요대제전 리액션 (태형FOCUS) 
4K 
세상까리하게 춤도추고 리듬도타고 흥이 한도초과된 MC자두 보고가실께요",1
"자두님 저도,, 저도요,,, 이거 진짜 미치겠어요 계속 생각나 어떡햌ㅋㅋㅋㅋㅋㅋㅋㅋㅋㅋㅋㅋㅋㅋㅋ 새벽반 친구들 얼른 이거 봐줘요 개웃기니까",1
중딩 자두 보고싶어서 폰으로 싸지름.....중고딩 윤자 최고 중딩자두는 단발이 진리 ㅠ,1
자두는 뚁땽해 ㅠㅠㅠㅠ,1
자두 기여워..,1
자두 제일 귀여웠어 ... 웅 ....,1
아자두 개귀여워 내꺼 움쪽 ㅡㅡ,1
"헐대박 장굥!!!!!ㄷㄷㄷ
아근데 내년3월편성이라고요?ㅋㅋㅋ(철푸덕
[공식] 장기용X나나 OCN 드라마 '블루 아이즈' 캐스팅 확정",1
난 이번에 장나라씨 최진혁씨 신성럭씨 에일리자씨 전부 배우님들 다 대단합니다! 최고 연기였다!,1
"어제 장나라가 ""우리 동생들 모두 자랑스럽고...""라고 할 때 소속사 스탭들 얘기하는 줄 알았다가... 그 드라마 주연들 얘기인 걸 알고 캑. 그렇구나 장나라가 제일 연장자였구나.",1
"김희선
전지현
손예진
서현진
윤세아
이정현
김태리
장나라
고아라
모두 아름다움과 우아함을 갖추신 분들",1
장나라는 어쩜 저리 그대로지?,1
난 이번에 장나라씨 최진혁씨 신성럭씨 에일리자씨 전부 배우님들 다 대단합니다! 최고 연기였다!,1
"어제 장나라가 ""우리 동생들 모두 자랑스럽고...""라고 할 때 소속사 스탭들 얘기하는 줄 알았다가... 그 드라마 주연들 얘기인 걸 알고 캑. 그렇구나 장나라가 제일 연장자였구나.",1
장만옥님을 억수로 좋아해요^^,1
"치파오를 계속 갈아입고 나오는 장만옥이 얼마나 아찔하게 예쁜데요. 
우산을 받쳐주던 양조위의 눈빛은 또 얼마나 그윽하게요..
뮤직 비디오스러운 감성과 익숙한 음악, 1960대 홍콩을 요모조모 살피는 재미도 빼놓을 수 없죠. 시간되시면 한번 보시는것도 괜찮을듯요.",1
장만옥님을 억수로 좋아해요^^,1
"치파오를 계속 갈아입고 나오는 장만옥이 얼마나 아찔하게 예쁜데요. 
우산을 받쳐주던 양조위의 눈빛은 또 얼마나 그윽하게요..
뮤직 비디오스러운 감성과 익숙한 음악, 1960대 홍콩을 요모조모 살피는 재미도 빼놓을 수 없죠. 시간되시면 한번 보시는것도 괜찮을듯요.",1
장만옥 진짜 .. 분위기 너무 고급이고 진자 감히 다가갈 엄두도 안날듯 너무ㅠ,1
리) 장만옥이 최고다,1
"어제 다시 장만옥에게 반해서 궁금해서 그녀에 대해 찾아보았다. 64년생이었고 홍콩에서 태어나서 영국으로 이민을 갔고 미스 홍콩선발대회 2등에 키도 168이라는 것, 왕가위 감독을 만나 연기의 폭이 깊어졌다는 사실을 알게 되었다. 내가 그녀를 처음 본 것은 아마 폴리스 스토리였던걸로 기억한다^^",1
잊지말자. 장만옥이 짱이라는 것을...,1
난 어느 홍콩영화보다 화양연화가 좋다 그 뉘앙스와 시나리오의 전개 소품들 우아한 느낌들.. 장만옥의 치파오를 소화하는 방식이 압권,1
어릴때 장만옥이 세상에서 제일 예쁘다고 생각했는데 커보니 생각이 별로 달라지지 안은 거 같아요 제일 예쁜 거 맞는 듯,1
사실 화양연화보다는 중경삼림이고 양조위보다는 금성무이지만 그 위에 장만옥이 있어,1
화양연화 미공개 사진 풀린 것 중에 장만옥 넘 짱이다,1
아 장만옥 너무 이쁘다. 이 사진 장만옥은 계속 보게 되네. 최고야 진짜.,1
장만옥이 정말 좋았다.,1
장만옥도 앙코르와트 같이 갔구나 왠지 재밌다,1
"ㅁㅊ 장만옥이 환생한듯..
 ㄴ멀쩡히살아계시는데요",1
백마흔다섯번째 장래희망 : 장만옥의 팔자주름,1
장만옥은 왜이렇게 아름답지... 하아...,1
와 나 남돌중에 장발 잘 어울리는거 정한이랑 장문복 밖에 모름 ㄱㄷ 둘이 장발 진짜 잘 어울림...,1
장문복 우주대존잘맨 달피어싱ㅠㅠㅜㅜㅜㅜㅜㅜㅜ 아 진ㅁ자 나도 뚫어버릴까 근데 관리하기 어렵다는데 저기는ㅠㅠㅜㅜ 아아악,1
장문복 닭고기라면서요..? 저는 치킨 먹을거임 아니 오빠를 먹겟다는 건 아니구 아이 러브 후라이드 치킨,1
오늘도 장문복을 죽도록 사랑해버린 저는 죽었습니다,1
장문복이 진짜 거짓말 안하고 레알 너무 귀여워서,1
죽사 죽사 장문복 죽도록 사랑해,1
장문복 사랑해,1
크으 여윽시 췍스마음 알아주는 장문복 최고다 ㅠㅠㅠㅠㅠㅠㅠㅠㅠㅠㅠㅠㅠㅠㅠㅠㅠ 문보기는 뭘 해도 잘어울리니까 우리 문복이 하고싶은거 다해 (진심임),1
아아아아아악 장문복 귀여워,1
장문복 죽도록 사랑해~~♡♡~♡~♡~♡,1
와 나 남돌중에 장발 잘 어울리는거 정한이랑 장문복 밖에 모름 ㄱㄷ 둘이 장발 진짜 잘 어울림...,1
장문복 우주대존잘맨 달피어싱ㅠㅠㅜㅜㅜㅜㅜㅜㅜ 아 진ㅁ자 나도 뚫어버릴까 근데 관리하기 어렵다는데 저기는ㅠㅠㅜㅜ 아아악,1
장문복 닭고기라면서요..? 저는 치킨 먹을거임 아니 오빠를 먹겟다는 건 아니구 아이 러브 후라이드 치킨,1
오늘도 장문복을 죽도록 사랑해버린 저는 죽었습니다,1
장문복이 진짜 거짓말 안하고 레알 너무 귀여워서,1
죽사 죽사 장문복 죽도록 사랑해,1
장문복 사랑해,1
크으 여윽시 췍스마음 알아주는 장문복 최고다 ㅠㅠㅠㅠㅠㅠㅠㅠㅠㅠㅠㅠㅠㅠㅠㅠㅠ 문보기는 뭘 해도 잘어울리니까 우리 문복이 하고싶은거 다해 (진심임),1
아아아아아악 장문복 귀여워,1
장문복 죽도록 사랑해~~♡♡~♡~♡~♡,1
ㅜㅠㅠㅠㅠㅜ아아아아아ㅏㅠㅠㅠㅜ 장문복 세상에서 제일로 좋아,1
으으아앙 장문복 기여워 너무 기여워 오빠 사랑해애액,1
오빠아아악 장문복 아악 사랑해,1
"대가리
깨져도
장문복",1
아 장문복 귀여워 죽을 것 같아 아아악,1
장문복 진짜 우주대존잘킹맨,1
오올 땀나면 좋죠 인간해열제 장문복♡ 몸은 어떠신가요?,1
아 장문복 넘조와ㅜㅠㅠㅜㅜㅜ,1
췍스 맘 뒤흔드는 장문복,1
장문복 그저 인간 고양이ㅠㅠㅠㅜㅜ,1
무한청정청년 장문복~나까지 깨깟하게 씻겨내려가는 기부운♡,1
장문복 목소리 말투 표정 눈빛 손짓 달콤해서 헙ㅎㅈ헙흑 진짜 혼자 안방에 누워서 부앱보는데 현실로 악!.오..빠...악.....진짜미치겠다증말... 이러면서 굴러다녓으,1
"181121 아이돌라디오 ep
이날의 일훈은... 코피팡",1
"장미 미란이 코난
이 셋 조합도 넘 좋다이거예요",1
대장장미툥 ..데뷔시켜주세요..,1
"181121 아이돌라디오 ep
이런 착장은 정말.. 오예입니다",1
"181121 아이돌라디오 ep
이날의 일훈은... 코피팡",1
"장미 미란이 코난
이 셋 조합도 넘 좋다이거예요",1
대장장미툥 ..데뷔시켜주세요..,1
"181121 아이돌라디오 ep
이런 착장은 정말.. 오예입니다",1
"ㅅㅅㅅ세상에... 장범준... 새.. 커버곡에....... 안경.......... 너무조아........,,,,,/////////",1
"다른노래는 추천 잘 안하는데 장범준 노래는 한번 씩 들어보세여 
진짜 너무좋음
韓国のシンガーソングライターです  一度ずつ聞いてください",1
"커어ㅓㅓㅓㅓㅓㅓㅓㅓㅓㅓㅓㅓ크으ㅡㅡㅡㅡㅡㅡㅡ자우림 '스물다섯, 스물하나' 어쿠스틱커버 by 장범준 Acoustic COVER",1
"ㅅㅅㅅ세상에... 장범준... 새.. 커버곡에....... 안경.......... 너무조아........,,,,,/////////",1
"다른노래는 추천 잘 안하는데 장범준 노래는 한번 씩 들어보세여 
진짜 너무좋음
韓国のシンガーソングライターです  一度ずつ聞いてください",1
"커어ㅓㅓㅓㅓㅓㅓㅓㅓㅓㅓㅓㅓ크으ㅡㅡㅡㅡㅡㅡㅡ자우림 '스물다섯, 스물하나' 어쿠스틱커버 by 장범준 Acoustic COVER",1
아...장범준...갓...,1
장범준 좋아,1
미챴나봐 나 이거ㅠ왜 이제 봤지 장범준 스물다섯 스물하나 ㅡㅠㅜㅠㅜㅠㅠㅠ,1
장범준 유튜브채널은 다 좋지만 댓글도 평화로워서 참 보기좋아 : ))),1
안경 쓴 거 약간 리즈범준 같고... 귀엽네요 그리구 장범준 심볼? 박힌 셔츠 탐남,1
아 ㅠ..ㅠ.ㅠ.. 아 나는 정말 크레이지 ㅠㅠ 나는 나는 마그리트 생각하면 잠못이루고 ㅠㅠㅠ아아악 ㅠㅠ ㅠ마그소다 2000일 말도안대 ㅠㅠㅠ ㅠㅠㅠㅠㅠㅠㅠㅠㅠㅠㅠㅠㅠㅠㅠㅠㅠㅠㅠㅠㅠㅠㅠ 우리 마그리트랑 벌써 그렇게  ㅠㅠㅠ ㅇ ㅏ..ㅠ ㅠ 허어..ㅠ..ㅠ..하아아.ㅠ...장범준된다 ㅠㅠ,1
존레논 살아있었다면 지금쯤 미국의 장범준이라고 칭송받으며 살았을텐데,1
헐 장범준 유ㅜ튜브 만들엇내 귀호강중,1
"장범준 되게 가사전달력 오지는거같다,.,.그냥 흘러가는대로 듣는데 이 노래 가사가 원래 이거엿나?하고 인식하고잇어",1
"장수원의 헤어가 고민일 땐 고개를 들어 2019 시즌그리팅을 보라
ㅋㅋㅋㅋ",1
"내가많이 응원해
＂강성훈 탈퇴→4人 재정비＂...2019년 젝스키스는 달린다 (종합[Oh!쎈 레터] (출처 : OSEN | 네이버 TV연예)",1
2019년도 좋은 일들만 일어날 것 같아♡,1
"새해 복 많이 받으세요  
2019년에는 꽃길, 무대길만",1
"190101 노트북 배경화면
새해 복 많이 받으세요
젝키야 항상 고마워
올 한해는 더 행복하게 보내게 해줄게",1
아버지 양복같은 옷을 입혀놔도 귀엽네,1
"......?
현생이랑 다를게 뭔데요....?
ㅋㅋㅋㅋㅋㅋㅋ
당신은 장수원님과 단골손님과 사장관계였습니다.",1
"2. 젝키 -1(젝키는 나노단위로 할게요)
2016년 4월/ 언제나처럼 무도를 보는데 기존에 알고있던 멤버인 은지원 장수원의 새로운 면모와 모르던 나머지 네명의 415억개의 매력에 젝키에 관심이 생겨서 팬카페 가입해버림 ㅎㅋㅎ",1
무릎꿇고 꼼지락거리는게 이롷게 이쁠일인가 숴니세상니트 다가져주세요 제발 ㅜㅜㅜ,1
엄청이쁨 얼천그룹,1
"늦게샀지만 기분좋아
사진이 느무느무 이쁘다아",1
문득 생각나서 올려보는 깡총찡찡,1
"수섭이 양도받아요 ㅠㅠ
꼭 양도해주세요",1
"K star 리얼하게 폼나게 Ep.11 (16.07.13)
동공은 잠깐 흔들렸지만 
절대 빼지 않음 ㅋㅋㅋ
그와중에 맛깔나게 잘부르는거 뭔데 +_+",1
"어머나!!!!
부끄럽게~
당신은 장수원님과 부부관계였습니다.",1
띠발 장수원 존나 잘생겼다!!!!!!!,1
"K star 리얼하게 폼나게 Ep.11 (16.07.13)
동공은 잠깐 흔들렸지만 
절대 빼지 않음 ㅋㅋㅋ
그와중에 맛깔나게 잘부르는거 뭔데 +_+",1
"어머나!!!!
부끄럽게~
당신은 장수원님과 부부관계였습니다.",1
띠발 장수원 존나 잘생겼다!!!!!!!,1
"당신은 장수원님과 서로 짝사랑 하던 공주와 왕자 관계였습니다. 
ㅋㅋㅋㅋㅋㅋㅋㅋㅋㅋㅋㅋㅋㅋㅋㅋㅋㅋㅋㅋ???",1
지성과 미덕을 갖춘 장영실이오,1
그래도 유명 화간데 어느정도는 해야 (?) ㅋㅋㅋㅋㅋㅋㅋ 근데 진짜..수염 잘어울려여... 장영실에서는.... 그 수염 좀 그랬는데 (?),1
지성과 미덕을 갖춘 장영실이오,1
그래도 유명 화간데 어느정도는 해야 (?) ㅋㅋㅋㅋㅋㅋㅋ 근데 진짜..수염 잘어울려여... 장영실에서는.... 그 수염 좀 그랬는데 (?),1
지성과 미덕을 갖춘 장영실이오,1
윤지성 화이팅 고등학생때 천상시계 주인공 장영실을 연기했는데 그날들 무영이 그 다음이라니 너무 설레고 떨려,1
지성과 미덕을 갖춘 장영실이오,1
윤지성 화이팅 고등학생때 천상시계 주인공 장영실을 연기했는데 그날들 무영이 그 다음이라니 너무 설레고 떨려,1
지성과 미덕을 갖춘 장영실이오,1
지성과 미덕을 갖춘 장영실이오,1
와중에 장영남이 젤 잘생겼어 진짜...,1
"비밀낙원 - 장재인 OST 밤을 걷는 선비 (Scholar Who Walks the Night) Part 1 
아 나 이런 분위기 진짜 좋아해",1
장혁이 너무 잘생겨서 숨 막힐 때가 구라 안 치고 진짜 있는데 그게 지금임,1
ㅅㅂㅋㅋㅋㅋㅋ 지금 뿌리깊은 나무 다시보기 하길래 보고있는데 장혁이 한 역할 신세경 보고 너와결혼까지 생각했어 뮤비찍었네ㅋㅋㅋㅋㅋ,1
나 이거 짐짜 개좋아해 ㄹㅇ 장혁님 개존멋,1
"개순한데 개섹시함
그것은 바로 장혁쟤",1
증말 정직한 빙글빙글 원샷인데 얼굴까지 정직해 버려서 난감해짐 풀샷으로 보고 싶다 제자리에서 빙글빙글 도는 발 모양과 다리가 보고 싶음 번외로 인사가 습관인 장혁 인성 펄풱,1
장혁이 선조 미치ㅜㅠㅠㅠㅠㅠㅜ 까메오지만 연기 넘 기대된다ㅠㅠㅠㅠ 거기다 징구랑 투샷이야ㅠㅠㅠㅠㅠ 새해선물이 따로 없네!!!!!!,1
우어어어어어어ㅓ엉어어어어ㅓㅇ어어어어 장혁징구라니ㅠㅜㅜㅜㅜㅜ 미쳤나봐ㅠㅠㅠㅠ 감독님 감사합니다ㅠㅠㅠㅠㅠㅠㅠ,1
장혁 얼굴에 여진구 얼굴 나올 만함,1
와 장혁 저런 역할은 처음 봐서 충격 먹고 설레서 심장 뜅ㅁ,1
"1. 임시완 차은우 남주혁 서강준 / 정우성 원빈 장혁 장동건...
거론된 남연예인 이름만 대강 봐도 알겠지만 &gt;&gt;풋풋하게 생긴 잘생쁨 or 얼굴선이 섬세한 정석미남형&lt;&lt;이 취향임",1
윤두준 장현승 용준형 양요섭 이기광  손동운 쏘비스트♡,1
윤두준 장현승 용준형 양요섭 이기광  손동운 쏘비스트♡,1
아 개웃겨 장현승 온유래,1
윤두준 장현승 용준형 양요섭 이기광  손동운 쏘비스트♡,1
윤두준 장현승 용준형 양요섭 이기광  손동운 쏘비스트♡,1
윤두준 장현승 용준형 양요섭 이기광  손동운 쏘비스트♡,1
기대장훈은 킹사이즈 침대를 줘두 쫍게 잘거 같다 맨날 구석에 꾸겨져서 껴안고 있음. 자리 많이 남을듯. 기대장훈 주니어가 사이에 껴들라고 하는게 귀여운 순간 ㅠㅠ,1
"제 또다른 오빠임
우장훈이구요
제발 오빠믿지 한번만 해좃음 좋겟는데
씨발 솔직히 우장훈
오빠보단 삼촌에 가까운
미안해 장훈아
일년에나이두살씩먹을게",1
"아 시목이 요플레 먹는데 뚜껑에 묻은거 핥아먹는거 본 장훈이 엄한 생각 드는거 보고싶다,, 못참고 펠라시키다가 딥쓰롯해라ㅠ",1
기대장훈은 킹사이즈 침대를 줘두 쫍게 잘거 같다 맨날 구석에 꾸겨져서 껴안고 있음. 자리 많이 남을듯. 기대장훈 주니어가 사이에 껴들라고 하는게 귀여운 순간 ㅠㅠ,1
시목이 외치면 승효랑 장훈이랑 그냥 다 보고싶어,1
"아 시목이 요플레 먹는데 뚜껑에 묻은거 핥아먹는거 본 장훈이 엄한 생각 드는거 보고싶다,, 못참고 펠라시키다가 딥쓰롯해라ㅠ",1
설경구랑 전도연 배우분 모두 타인의 아픔이 대해서 민감하게 생각하는 사람들이고 또 작품 고르는것도 대충하지 않는 사람들이기에 기대한다 영화 생일.,1
말 나온 김에 제가 좋아하는 한국 여배우: 김희애 전도연 고 이은주,1
생일 일단 대배우 전도연과 설경구의 투샷이 나온다는 점에서 무릎 꿇고 보고 싶은 거야,1
"나나 전지현 전도연 진경 쓰엥님 등등 좀 시원하게 조온나 비싼 것들만 털러다니는 영화 안나오나 로멘스도 덤으로 넣고 ,,...,,",1
죤나 웃기다 혜경이 사진에 달린 댓글 ㅋㅋㅋ 야 전도연은 매일이 리즈야,1
그리고 전도연은 존재감만으로 장면을 완성했다 정말 모든 대사의 톤이 좋았다..,1
꿈에 전도연이 나왔는데(아마 김서형 어깨 길이 재는 영상에서 잠깐 봐서 나온듯한...?) 사람들 다 싸인은 안해줬는데 나만 싸인해주고 책 덮은 후에도 다시 펴라고 하트 그려준다고..... (개꿈),1
"전도연님이랑 같이 영화찍으시나봐요.
그럼 기대...ㅋㅋ",1
"중년취향
염정아
전도연
송윤아
입니다
ㅡ.....",1
같은 느낌도 없고 뭔가 키만 크고 골격이 별로라서 멀대같은 남자들 많은데 남길스는 세로 비율도 좋고 가로?비율도 좋아서 멀대같은 느낌없어서 좋아 어깨도 막 넓은건 아닌거 같은데 뭐랄까 목이랑 어깨로 이어지는 선이랑 어깨에서 팔뚝으로 떨어지는 라인이 끝장나서 너무 이쁨ㅠ 전도연 언니랑,1
님들아 잇잔아요 제가 설현GQ인터뷰보고나서부터 참아온 말이잇는데요 설현이 굿와이프 나나롤 맡아서 전도연이랑 워맨스 찍어줫음 좋겟다 그럼 진짜 미칠텐데...,1
"전도연, 이영애, 손예진 하아 증맬 많다많어",1
"카이의 드라마 속 엄마 배우 전미선, 엑소 콘서트 갔던 사연 (출처 : 영재 발굴단 | 네이버TV) 
처음하는 연기라 본인을 잘 못보여줬다고 생각해서 콘서트 초대까지ㅠㅠ.. 본업에 대한 자신감 최고다 정말",1
"이유리  윤세아  송지효  박신혜  공효진
손여은  장나라  김서형  전소민  이성경 
하지만 그중에서도 젤 갠취는 당빠 이유리",1
"김유정 박보영 채수빈 전소민  4명이 한계다
귀염~",1
나만 톱스타 유백이 보나... 아 전소민 너무 웃겨ㅋㅋㅋㅋ,1
"톱스타 유백이 보세여ㅋ
전소민 넘나귀엽고
전에 슬로시티 청산도갔을때 너무좋아서 살고싶었는데
예쁜 섬 바다구경도 맘껏할수있고
진짜 순수하니 좋다",1
"이유리  윤세아  송지효  박신혜  공효진
손여은  장나라  김서형  전소민  이성경 
하지만 그중에서도 젤 갠취는 당빠 이유리",1
"김유정 박보영 채수빈 전소민  4명이 한계다
귀염~",1
나만 톱스타 유백이 보나... 아 전소민 너무 웃겨ㅋㅋㅋㅋ,1
"톱스타 유백이 보세여ㅋ
전소민 넘나귀엽고
전에 슬로시티 청산도갔을때 너무좋아서 살고싶었는데
예쁜 섬 바다구경도 맘껏할수있고
진짜 순수하니 좋다",1
그 런닝맨 432후 봤으니까 전소민이랑 황치열이 너무 잘올린다 ㅋㅋ 케미가 완전 짱이다ㅠㅠㅠㅠ 사귀세욬ㅋ,1
그 런닝맨 432후 봤으니까 전소민이랑 황치열이 너무 잘올린다 ㅋㅋ 케미가 완전 짱이다ㅠㅠㅠㅠ 사귀세욬ㅋ,1
"[INSTAGRAM] icha__official
 
전지윤님, 늘 화이팅하세요 :D
.
.
.
.
.",1
"지윤언니님 브이앱해서 나도 시작했다 
노래 넘 조아 요즘 무한스밍이야",1
"2조 천송이, 눈 떠보니 혼자 나와있습니다 오바.
2조 청춘패미리 사랑합니다 오바.
2조 전지현, 다들 안녕하다 오바.",1
"판빙빙()
전지현
김혜수
케이트 블란쳇
앤 해서웨이
에바 그린
박보검
이동욱
김민정(양화ㅠㅠ)
릴리 제임스
그렇습니다 얼빠입니다(당당)",1
"김희선
전지현
손예진
서현진
윤세아
이정현
김태리
장나라
고아라
모두 아름다움과 우아함을 갖추신 분들",1
"'암살' 전지현 단발, 여고생 시절 단발머리 비교해보니 '방부제 미모'",1
"2조 천송이, 눈 떠보니 혼자 나와있습니다 오바.
2조 청춘패미리 사랑합니다 오바.
2조 전지현, 다들 안녕하다 오바.",1
"판빙빙()
전지현
김혜수
케이트 블란쳇
앤 해서웨이
에바 그린
박보검
이동욱
김민정(양화ㅠㅠ)
릴리 제임스
그렇습니다 얼빠입니다(당당)",1
"김희선
전지현
손예진
서현진
윤세아
이정현
김태리
장나라
고아라
모두 아름다움과 우아함을 갖추신 분들",1
"'암살' 전지현 단발, 여고생 시절 단발머리 비교해보니 '방부제 미모'",1
내가 그래서 도둑들에서 벅희한테 못벗어낫자나 영화에서 이정도로 캐릭터를 덕질할수도 잇겟구나 느낀게 첨이엇음 거기다 전지현이 똘끼까지 있어서 더조아 흑흑규ㅠㅠ 김수현 군대가서 2 안나오는거죠? 둘이 이어지게해주세요ㅠㅠㅠㅠ,1
전지현 차기작 언제 떠 진짜 ㅠ,1
Beautiful 전지현,1
"조국 민정수석님 최고
든든합니다
멈추지 마시고 계속 전진하십시요
하늘이 무너져도  믿습니다",1
"강경화장관님의 건승과 건강, 뜻하시는 모든일들 모두이루시길 기원드립니다.
외교부의 힘찬 전진과 성공을 함께 축원합니다.",1
"조국 민정수석님 최고
든든합니다
멈추지 마시고 계속 전진하십시요
하늘이 무너져도  믿습니다",1
"＂문자 10통→꽃바구니 선물＂..＇오발＇ 한혜진♥︎전현무, 공개연인의 좋은예 [종합]",1
아 개웃겨 한혜진님 라디오에 전현무님이 문자 보내셨어ㅠㅋㅋㅌㅋㅋㅋㅋㅋㅋㅋㅋㅋㅋㅋㅋㅋㅋㅋㅋㅋㅋㅋㅋㅋㅋㅋㅋㅋㅋㅋㅋㅋㅋㅋㅋㅋㅋㅋㅋㅋㅋㅋㅋㅋㅋㅋㅋㅋㅋ듣고있는데 너무 웃겨,1
전현무 박나래 패딩 뺏어입고옴ㅋㅋㅋㅋㅋㅋㅋㅋㅋㅋㅋㅋ,1
"＂문자 10통→꽃바구니 선물＂..＇오발＇ 한혜진♥︎전현무, 공개연인의 좋은예 [종합]",1
"＂문자 10통→꽃바구니 선물＂..＇오발＇ 한혜진♥︎전현무, 공개연인의 좋은예 [종합]",1
아 개웃겨 한혜진님 라디오에 전현무님이 문자 보내셨어ㅠㅋㅋㅌㅋㅋㅋㅋㅋㅋㅋㅋㅋㅋㅋㅋㅋㅋㅋㅋㅋㅋㅋㅋㅋㅋㅋㅋㅋㅋㅋㅋㅋㅋㅋㅋㅋㅋㅋㅋㅋㅋㅋㅋㅋㅋㅋㅋㅋㅋ듣고있는데 너무 웃겨,1
전현무 박나래 패딩 뺏어입고옴ㅋㅋㅋㅋㅋㅋㅋㅋㅋㅋㅋㅋ,1
넹ㅋㅋ 영드 리메이크작이고 정경호 주연인데 저는 재밌게 봤어요!,1
라온마보고 정경호 입덕 아직 필모깨기는 제대로 시작× 웅팍정갱필모 컾 파는데 웅팍필모가 넘 맛있어보이는거에요 곧 웅팍필모깨서 저도 웅팍정갱 필모컾 맛있게 먹을거다ㅠ 근데 방금 제가 더킹을 봤는데 최두일이 너무 잘생긴거에요 누가 뭐래도 내눈이 일단 잘생겼데 독전을 떠올렸죠,1
사랑해요 정경호배우님 진짜 내 완취야,1
인교진 눈물 이제 못 보는건가... 아아아,2
인교진 눈물 이제 못 보는건가... 아아아,2
"헉 일라이 안대를 어릴 때부터 계속해서 쓰고 있던 건 아닐 거 아냐 ??
막 안대를 처음 썼을 때는 익숙하지않아 적응하는데 걸렸을 지 않았을까 ㅠㅜㅜㅜㅠㅜㅜ 막 넘어지기도 하고 그랬으면 ㅠㅠㅠㅠㅠㅠㅠㅠ",2
"헉 일라이 안대를 어릴 때부터 계속해서 쓰고 있던 건 아닐 거 아냐 ??
막 안대를 처음 썼을 때는 익숙하지않아 적응하는데 걸렸을 지 않았을까 ㅠㅜㅜㅜㅠㅜㅜ 막 넘어지기도 하고 그랬으면 ㅠㅠㅠㅠㅠㅠㅠㅠ",2
"ㅡ
솔직히 제대하기전엔 볼수있을꺼라 생각했다..
근데 이거 못 볼수도 있데..
제작과정에서 문제가 많았나봐ㅠ 젠장..",2
"ㅡ
솔직히 제대하기전엔 볼수있을꺼라 생각했다..
근데 이거 못 볼수도 있데..
제작과정에서 문제가 많았나봐ㅠ 젠장..",2
"잘 지내냐는 안부는 안 듣고 싶어요
안부가 슬픔을 깨울 테니까요
슬픔은 또다시 나를 살아 있게 할 테니까요
검게 익은 자두를 베어 물 때
손목을 타고 다디단 진물이 흘러내릴 때
아 맛있다,라고 내가 말하고
나 혼자 들어요.
&lt;그래서, 김소연&gt;",2
"잘 지내냐는 안부는 안 듣고 싶어요
안부가 슬픔을 깨울 테니까요
슬픔은 또다시 나를 살아 있게 할 테니까요
검게 익은 자두를 베어 물 때
손목을 타고 다디단 진물이 흘러내릴 때
아 맛있다,라고 내가 말하고
나 혼자 들어요.
&lt;그래서, 김소연&gt;",2
"원수라니......
당신은 장수원님과 서로 마주치기만 하면 겁나게 싸웠던 원수 관계였습니다.",2
"원수라니......
당신은 장수원님과 서로 마주치기만 하면 겁나게 싸웠던 원수 관계였습니다.",2
징비록 끝까지 보려고 했는데 선조 때뭉에 못보고 장영실도 장희제 때문에 못보고 정도전은 당연하지만 조재현 때문에 못보고...,2
"ㅇㅈㅇㅈ 근데 저거 2임,,, 1에 장혁님 나오는데 1 유료라고 ㅠㅠㅠㅠㅠㅠㅠㅠㅠㅠㅠㅠㅠㅠㅠ",2
추노ost 나오면 장혁이 울면서 밥먹는거 밖에 생각나지않네요......흑흑,2
성격드릅습니다.. 맨날 보는 사이에 더 욕하는 장훈이ㅠㅠㅠㅠ,2
성격드릅습니다.. 맨날 보는 사이에 더 욕하는 장훈이ㅠㅠㅠㅠ,2
"무뢰한 진짜 너무 김혜경 맘 속에 팍팍 박히는 영화죠ㅠㅠㅠㅜ 김혜경 웃을 때 마다 마음이 찢어지는 것 같았는데 어흐흑,, 재곤이 자신을 구해주지 못할 걸 알면서도 마음을 기대고 관성적으로 더 깊은 불행으로 발을 딛는ㅜㅜㅜㅜㅠ,, 전 아직도 전도연만 보면 너무 좋고 슬프고 울고 싶고 그래요",2
임수정 뭐하는 년임 존나 또라이같음,3
미우새 홍진영 왜 안 보내줘; 왜안나와시발 이시간에 임원희시를 제가 왜 봐야하나요?ㅜ,3
장만옥 같은 소리하고 있네. 누가 장만옥이냐? 누가?,3
니들이 잘한건 태용 사진에 장미를 뿌린거말곤 없어,3
"진짜 뭐라하는 거? 잘못은 강성훈이 다 했는데 강 건너 불구경하는 맴버들이라고? 왜 잘못없는 젝키맴버들이랑 팬들을 건드리는거지?  와이지 한테 고마워하세요. 이정도 해준거면 많이 봐준거임. 은지원,이재진,김재덕,장수원 꽃길만 걷자♡",3
궁예를 넘어 거의 뭐 확신하고 계시던데 지금와서 보니까 참 웃깁니다 장영실이랑 이순신까지 찾는거 참 기가맥혔음,3
내말이 그거임 가문 좀 닮앗다고 원숭이라고 확신하던 사람들이 한국 오리지널 남자를 내자-순신상이케-장영실 흐름으로 가던데 정말 웃긴이야기입니다,3
궁예를 넘어 거의 뭐 확신하고 계시던데 지금와서 보니까 참 웃깁니다 장영실이랑 이순신까지 찾는거 참 기가맥혔음,3
내말이 그거임 가문 좀 닮앗다고 원숭이라고 확신하던 사람들이 한국 오리지널 남자를 내자-순신상이케-장영실 흐름으로 가던데 정말 웃긴이야기입니다,3
이천이 쟤 장영실에서는 츤데레엿담서 별루 츤데레로 그려주고 싶지도 안은 안어울려요 어느 츤데레가 얼굴색 하나 안변하고 30만명 중에 오백명 죽은게 머 어때서요? 이런 소리를 합니까 천아 배그꺼라...,3
구비수두 장현승씨벌럼,3
구비수두 장현승씨벌럼,3
전원책처럼 계속 꽥꽥 소리지르다가.. 스마트공장수 몇개냐에 못맞췄다고 기분좋아하는거 보고 유치하면서 역겹더라구요. 저렇게 고압적이고 기분파인사람이 강의는 어찌할지 뻔히 보이고... 또 저런 사람들이 강자 앞에선 순한 양,3
"전원책은 허경영의 유튜브채널동영상을 보고, 들어서 문재인정부의 적폐청산을 비판하면서도 이명박&amp;친이계들과 박근혜&amp;친박계들의 집안싸움을 원망해라! 이돌머리야! [오늘밤 김제동] 61회 풀영상 2019.01.02",3
"신년 토론회 전원책 없어서 좋다했더니
이상한 교수 나와서 역시 전원책 못지 않은 꼰대 토론 제대로....
소위 보수는 왜 다 이모양인지
나도 한때는 보수였는데 ㅅㅂ....",3
"오늘밤 김제동에 출연한 박지원의원은 젊잖고 품위를 유지했는데, 전원책은 버르장머리 없고 어른을 존경할 줄도 모른 인간이네, 박지원의원(78세) 옆에서 전원책(65세)이 하는 짓이 저질입니다.",3
"전원책은 그냥 인성이 망가진 못난이 이상이하도 아님.
저런 게 보수의 희망?
이러니 대한의 보수가 다 죽은 거지.",3
"전원책아
적폐는 적폐가 사라질 때까지 해야된다
너같은 인간도 적폐고 자유당은 통채로 적폐다
다음 총선에서 자유당의 적폐 쓰레기들을 싸그리 소각시켜야 적폐의 완성이다
시베리안 허스키 개나리 조카 크레파스 18색히야",3
"친서를 어떻게 받았냐고 과정을 밝히라고 소리지르는 전원책..
그리고 아무리 니가 싫어도 '김정은이가..'가 뭐냐? 방송에서 참 무식한 넘..",3
김제동은 또 왜 전원책을 불러서 지랄이야 ?! 쓰장데 없는소리하는자좀 버려주세요,3
"전원책,
""북한은 플루토늄탄 10개를 갖고있다. 나는 그렇게 생각한다""
그리고 나머진 자기 뇌피셜을 사실로 어거지 이어나감.
근데 모든 토론을 저따위로 함.",3
"신세돈?
얘 썰전 취업면접 온 듯.
전원책 벤치마킹 많이 했네 ㅋ
김용근 교수?
우리나라 최저임금이 높다고?
걱정마 외국은 우리보단 쉽게 쉽게 계속 더 올릴껴 ㅋ",3
숙대교수님 왜 갑자기 소리를 지르지??? 전원책처럼?,3
"전원책은 허경영의 유튜브채널동영상을 보고, 들어서 문재인정부의 적폐청산을 비판하면서도 이명박&amp;친이계들과 박근혜&amp;친박계들의 집안싸움을 원망해라! 이돌머리야!",3
전원책은 우파에서 떨거지 유명하던대  이곳이던저곳이던 대장노릇못하고 그냥 말하자면 우파떨이인물,3
"KBS 시사프로
김제동이
진행하는  방송에
전원책이가 등장하여
깜짝 놀랬음.
왜
하필 그 자 인가?
담당PD가 TBS 뉴스공장
PD와  친구사이냐?
제발
미친놈은 방송에
내보내지 마라.",3
"&lt;그러게 말이다.. 그게 정당이냐? 민주주의를 훼손해 탄핵된 박끄네 수족을 다시 앞세운다는 것이?!.. / 또 그런 인간을 앞세우게 도와주고 있는 더불어추행당이 있다는 것이 말이 되냐?..&gt;
황교안 ""한국당 대표 선거 출마""…전원책 ""그게 정당이냐"" 비판",3
"[하성태의 와이드뷰] 자한당 입당·전대 출마?…‘朴 국정농단’, 대국민 사과·자기비판이 먼저
오리무중에서 입당, 출마선언 보도까지
“말이 안 되는 난센스”라던 전원책의 일침",3
"KBS 시사프로
김제동이
진행하는  방송에
전원책이가 등장하여
깜짝 놀랬음.
왜
하필 그 자 인가?
담당PD가 TBS 뉴스공장
PD와  친구사이냐?
제발
미친놈은 방송에
내보내지 마라.",3
"&lt;그러게 말이다.. 그게 정당이냐? 민주주의를 훼손해 탄핵된 박끄네 수족을 다시 앞세운다는 것이?!.. / 또 그런 인간을 앞세우게 도와주고 있는 더불어추행당이 있다는 것이 말이 되냐?..&gt;
황교안 ""한국당 대표 선거 출마""…전원책 ""그게 정당이냐"" 비판",3
"오죽하면 보수논객 전원책 변호사도 황교안 전 총리를 공개 비판할까요? 
입만 열면 안보타령하는 극우정당인 자유한국당이 '두드러기'로 군면제 받은 황교안 전 총리를 입당시켜 세몰이 하는 것은 '누워서 침뱉기' 하는 것!",3
"전원책은 그냥, 케이블방송에서 주둥이 놀리는 일이나 알아봐라
김갑수와 어울려하면 딱이 겠더구먼
니들 목숨값이 얼마일것 같으냐?
더러운 주둥이만 살았으니 제 값이나 나올려나?
너도 그냥, 5.000원 해라",3
"전원책 ""황교안, 대통령 자격 없다""고 말한 세 가지 이유
전원책이 황교안을 지적질을 해?
자한당에서 개혁해달라고 자리 깔아줘도 일을 못하고 쫒겨난 것이,
변호사 생활이나 잘하던지
책이나 잘 쓰던지
무엇하나 제대로 하는 것이 없는 넘이
주둥이만 살았네
너는 찌질한 변호사,
황교안은검사총리",3
"차라리
전원책이 해라 ㅋ
전원책 ""황교안, 대통령 자격 없다""고 말한 세 가지 이유 |",3
"아니 그니까ㅏㅏㅏㅏ일본 아이돌 좋아한다고하면
일본애들 못 생겼잖아???
이 지랄하지말라고오오오
뭐 한국 사람들이라고해서 모두가 전지현이디 모두가 강동원이디
진짜 우리 애들 얼굴보고 말했으면(딥빡",3
"아니 그니까ㅏㅏㅏㅏ일본 아이돌 좋아한다고하면
일본애들 못 생겼잖아???
이 지랄하지말라고오오오
뭐 한국 사람들이라고해서 모두가 전지현이디 모두가 강동원이디
진짜 우리 애들 얼굴보고 말했으면(딥빡",3
린정 이정재 정우성 강동원 전지현 암튼 울 오빠언니들한테 못생겼다구 욕해봐! 우리가 니들처럼 부들거리겠닝~~,3
그대가 전현무라니 인정할수 없단말이다 거울을 보고 양심에 손을 얹고 말을 해라..,3
"미용실 왔는데
미용실에 mbc방송연예대상이 나오고있다.
그냥 탐라에서 읽기만 해도 힘들었는데
기안84 수상소감과 전현무의 개드립을
계속 들어야한다니.. 곳통...
특히 전현무는 자신이 머큐리 흉내낸게
대단한줄 알아.. 아놔;;",3
"전현무야 그렇다치고, 이사진 보면 한혜진 옷 잘입는지 1도 모르겠다. 저 피지컬에는 뭘 입어도 옷이 몸매에 묻히잖아. 모델이니까 이상하게 입어도 저게 세련된건가부다..저 바닥에서는 하는거지.",3
그대가 전현무라니 인정할수 없단말이다 거울을 보고 양심에 손을 얹고 말을 해라..,3
"전희경이 국회에서 조국이 임종석이를 조졌더니
좌빠리 관장사 시체장사 얘들이 수년전 전희경 논문 표절 이슈를 구알티 치고 지랄 염병 환장하고 자빠졌다.
그래 전희경 잡고 정세균, 안민석 박사 논문 같이 청산하자.
안민석이는 월간동아와 재판 표절로 법원 판결까지 패소로 알고있는데 .",3
"""전희경 의원은
논리에 맞지 않는 말을
어쩜 그리도 싸가지 없게 딱딱거리며 잘도 하는지.. 명물""",3
좌익의 저격수는 전희경 의원이다.전희경의 맹공에 마이크도 껐다.전희경 의원이 한국당 원내대표가 됐어야했다.나경원은 탄핵배신파이고 투사형 전사도 못된다.홍영표 떠불당 운영위원장이란자는 아주 편파적으로 그만하라고 외치고있다.악의 좌빨 떠불당 의원놈이다,3
"조국, 전희경에 '강의모드' “비방·야유 정치적 자유, 그러나…” 
친일 자한당 새끼들은 조작질을 고수 !
친일 자한당 빨리 청산 하자!",3
전희경 저거 조만간에 추악한 비리로 쇠고랑 찰것 같은 느낌적 느낌인데..,3
"전희경 보고 화나서 글쓰려다가
그만 둠.
인재근,김현,기타등등
우리당도
만만치않아서. ㅠㅠ",3
전희경 나경원 따위를 국회에 둔다는건 나라망신아니냐고요?걷어내야 안하겠습니까?,3
"조국 수석이 사실관계 좀 찾아 보라는데 이거 바꿔 말하면 공개적으로 허위사실을 자유한국당 소속  싸x지요정 전희경씨가 떠든 꼴이고 인신공격이자 정부비방으로 보이는데 면책특권? 
정보접근이 가능한 국회의원 또한 허위사실 유포시 면책없이 처벌 받아야 한다고 생각해",3
"멍석 깔아주니 셀프로 자폭하는 자유당 ㅎ
이래주니까 언제나 참 고맙지 ㅋㅋㅋㅋ
전희경 땡큐~(찡긋! &gt;_-)",3
"전희경 멍청해서 못알아 들을듯
논문  그냥 그대로 베낀 주제에 나와서 떠드는거 보면 참 낮짝도 두꺼움",3
"전희경 같은 인간이 국회의원 
이라는 것은, 자유당의 수치 만이 아니라, 국회의원 전체적으로 
품위를 떨어뜨린다.",3
"가관입니다!
이들의 총책임자가 
바로 나경원입니다.
이 사기발언자들을 진두지휘한 자가 바로 나경원 자한당 원내대표입니다.
일목요연한 정리 감사합니다.
기대됩니다
2020년 04월 15일!
강효상 이만희 최교일
전희경 나경원.
덩달아 걸린 사기꾼
김문수 김정주.
-사기최고봉 이만희-",3
"전희경 마이동풍, 질문이 뭔지 모르는 무뇌아....혹시 거시기라고 착각했던게 아닌지...하라는 질문은 없고 일베들 댓글 읽고있던 전희경",3
어제 운영위에 투입한 니경원 강효상 이만희 전희경 이런 애들이 자한당의 에이스라니 ㅋㅋㅋㅋ  정말 애잔하기 이를데없다,3
전희경같은 사람이 국회의원 ㅎ ㅎ ㅎ ㅎ ㅎ ㅎ ㅎ ㅎ ㅎ ㅎ ㅎ ㅎ ㅎ ㅎ ㅎ ㅎ ㅎ ㅎ ㅎ ㅎ ㅎ ㅎ ㅎ ㅎ,3
"역쉬,멋지시네요.논리적이라 전희경땃위 바로 아웃 시켰겠네요",3
"전희경 나경원, 이언주가 조국 천재에 상대가 되나? 함부로 나불대다가는 본전도 못찾는다, 젊잔은 선비한테 그게 무슨 망발이냐?",3
"전희경, 그것! 정말 재수읎다",3
"새해 아침을
욕으로 여는
이 심정 
양해  좀.
어제
국회운영위
나경원.전희경
두뇬들께!
욕도 아깝다
이 상것들아.
그중에 한뇬은
임신중으로
알고 있는데
그래도 되나?
새해에는
제발 언론에
쌍판때기 좀
드밀지 마라
국민 건강 해치는
유해물 물질들아.",3
"전희경이 국회에서 조국이 임종석이를 조졌더니
좌빠리 관장사 시체장사 얘들이 수년전 전희경 논문 표절 이슈를 구알티 치고 지랄 염병 환장하고 자빠졌다.
그래 전희경 잡고 정세균, 안민석 박사 논문 같이 청산하자.
안민석이는 월간동아와 재판 표절로 법원 판결까지 패소로 알고있는데 .",3
"""전희경 의원은
논리에 맞지 않는 말을
어쩜 그리도 싸가지 없게 딱딱거리며 잘도 하는지.. 명물""",3
"어제 봉숭아학당&gt;
이만희: 김정주 녹취록 틀면서 블랙리스트의 희생자
민주당 김종민 의원: 새누리 비례 23번이다. 무슨 피해자냐?
임종석: 임기 3년 꽉채우고 퇴임사까지 챙겼다
자유당 일당들 당황
자유당 전희경: 자리를 지키는데 모멸감을 느꼈다면 그것도 블랙리스트다!
폭소~~~",3
"전희경 논문 표절..
&lt;뉴데일리&gt;도표를 합산한 총 표절율은 무려 92~95%.
&lt;한겨레&gt;표절율은 80%. 
""2017년 3월 23일 전희경이 석사 학위 논문을 반납, 
이화여대는 연구 부정행위가 있었다고 판정하는 것으로 정리""",3
좌익의 저격수는 전희경 의원이다.전희경의 맹공에 마이크도 껐다.전희경 의원이 한국당 원내대표가 됐어야했다.나경원은 탄핵배신파이고 투사형 전사도 못된다.홍영표 떠불당 운영위원장이란자는 아주 편파적으로 그만하라고 외치고있다.악의 좌빨 떠불당 의원놈이다,3
"조국, 전희경에 '강의모드' “비방·야유 정치적 자유, 그러나…” 
친일 자한당 새끼들은 조작질을 고수 !
친일 자한당 빨리 청산 하자!",3
전희경 저거 조만간에 추악한 비리로 쇠고랑 찰것 같은 느낌적 느낌인데..,3
"전희경 보고 화나서 글쓰려다가
그만 둠.
인재근,김현,기타등등
우리당도
만만치않아서. ㅠㅠ",3
"조국 수석이 사실관계 좀 찾아 보라는데 이거 바꿔 말하면 공개적으로 허위사실을 자유한국당 소속  싸x지요정 전희경씨가 떠든 꼴이고 인신공격이자 정부비방으로 보이는데 면책특권? 
정보접근이 가능한 국회의원 또한 허위사실 유포시 면책없이 처벌 받아야 한다고 생각해",3
"멍석 깔아주니 셀프로 자폭하는 자유당 ㅎ
이래주니까 언제나 참 고맙지 ㅋㅋㅋㅋ
전희경 땡큐~(찡긋! &gt;_-)",3
"전희경 멍청해서 못알아 들을듯
논문  그냥 그대로 베낀 주제에 나와서 떠드는거 보면 참 낮짝도 두꺼움",3
"김만희 박근혜5촌살인사건 경찰서장,
전희경 21세기 xxx.",3
"전희경 같은 인간이 국회의원 
이라는 것은, 자유당의 수치 만이 아니라, 국회의원 전체적으로 
품위를 떨어뜨린다.",3
"가관입니다!
이들의 총책임자가 
바로 나경원입니다.
이 사기발언자들을 진두지휘한 자가 바로 나경원 자한당 원내대표입니다.
일목요연한 정리 감사합니다.
기대됩니다
2020년 04월 15일!
강효상 이만희 최교일
전희경 나경원.
덩달아 걸린 사기꾼
김문수 김정주.
-사기최고봉 이만희-",3
"전희경
국정농단 수구변종",3
야 방원아... 공양왕 대의 그 암살 미수 사건은 진짜 개오바 아니냐 아 그리고 정도전 얘도 고려사에 msg 엄청 쳐놨음 야 얘들아 니들이 그러고도 급제자냐? 진짜 너네 양심이 있냐? ㅋㅋㅋ,3
정동영 저 개양아치새끼는 지역구가 호남이 아니고 타지역이었다면 나경원도 울고갈 친일 수꼴일 새끼,3
"정동영씨 사진보면 왜 자꾸 디즈니 만화영화에 우슬라였나요?
그 문어?마녀가  떠올려질까요...ㅡㅡ;;",3
"엠빙신 출신 정치인들은 박광온 빼놓고는 우째 그리 밉상들인지. 정동영, 최명길, 김주하, 김은혜, 엄기영등..조직문화가 그런건지? 하옇튼 엠빙신 출신들은 깊이나 진정성 없이 개인의 인기에 연연하는 정치를 하는듯..물론 다른 방송사 출신(한선교등)들도 밉상인건 마찬가지지만",3
"어떻게 정동영이 같은자가 
아직도 정치판에 있는가",3
꼬라지 하고는  그러고도  연동형비례법 요구하냐  야3당 없어진 후에  합시다정동영  날이 갈수록  어찌  이상해지는지 나원정말,3
무능하고 허망한 손학규 정동영 무리들은 총선에서 반드시 은퇴시켜야 한다.,3
"[정동영이 퇴물된 이유]
정동영 ""文정부는 '박근혜 정부 시즌2'..국정조사 청문회 필요"" 
민주 정치세력에게 총질,
민주세력의 민심 분위기 파악을 못함!",3
아마도 문통의 광화문 집무실 공약은 지켜지지 않을 것 같다. 지켜진다 하더라도 마지못해 억지로 하는 모양새가 될듯하다. 정동영의 대통령되면 버스타고 출퇴근하겠다는 공약과 비슷한 것이다. 그런 공약은 왜 했는지 모르겠다. 누구 머리에서 나온지도 궁금하고,3
정동영~ 2019년 정초 떡국 잘못먹은걸로~~,3
"정동영이 어떤짓을 했는지
자근 자근 팩폭 시켜버림~
노인 폄하 발언후
곤경에 처했을때 노통이 
통일부장관 입각 시켜주니
정동영부인이 총리를 왜 안시켜 
주었냐고 화를 냈더라고 ㅋ
난닝구부터 싸가지 문희상 정청래
다 끌려 나와 귓싸대기 쳐맞는 에피 ^^
정말 강추 꽝",3
"정동영과 이재명 한팀입니다.
이자들 살펴주세요.
더민주 망치는 자들 입니다.",3
"정동영, 이자는 진작에 쫑쳤음. 대다수 국민들은 이걸 알고 있음. 기레기 시키들은 정똥영이 쫑쳤다는 것을 아는지 모르는지 이 헛소리를 기사라고 읊어대고 있음. 이 기사 쓴 기레기 시키도 쫑쳤다고 보면 확실함.",3
"광주, 전남 지역민 대상에 무등일보 의뢰. 이런식으로 여론조작 들어가지. 누구 좋으라고 허태열보다 더 악질인 지역감정   박지원과 노통 죽인 정동영과 이명박근혜 지지한 종자들과 합당 할까.
이해찬 박지원 정동영이 벽에 똥칠할때까지 해먹으라고? 합당 절대 안됨. 민주당은 전국정당임.",3
"이마트 셀프계산대 자리잡은 은련카드, 박원숭이 장려한 이유는 중국산 원숭이이기 때문인건 알지만! 곳곳에 또아리를 틀고, 한국기업과 합작한다는 목적으로 밀고 드러오는 짱께 침략 경계하지 하지 않으면 않됩니다. 주사파 빨갱이 문죄인, 더불어 공산당뿐 아니라 미래당, 정동영당,지겹다.",3
개인적으로 새해 큰 소망이 있다. 대한민국에서 사라져야할 1)친일자유당. 2)태극기부대. 3)정동영 김동철 김관영 주승용 위 쓰렉들이 영원히 사라졌으면 좋겠다.,3
"왜 이러냐면, 쳐발렸거든요.
그리고 나 좀 봐달라는 거죠.
무시하시면 됩니다.
정동영 ""文정부는 '박근혜 정부 시즌2'..국정조사 청문회 필요"" | 다음뉴스",3
"정동영 ""文정부는 '박근혜 정부 시즌2'
노무현 정부에서 역량도 깜도 안되는 주제에 호사를 누리던 자가 안철수에게 달라 붙어 빌빌대던 인물이 씨도 안먹힐 헛소릴 지껄이나? 쌍꺼풀 모습이 의아 했었는데 헛소리하는 이유가 있었군. 안철수 혈통들은 역시 구역질을 풍긴다.",3
정동영 저 개양아치새끼는 지역구가 호남이 아니고 타지역이었다면 나경원도 울고갈 친일 수꼴일 새끼,3
"정동영씨 사진보면 왜 자꾸 디즈니 만화영화에 우슬라였나요?
그 문어?마녀가  떠올려질까요...ㅡㅡ;;",3
"엠빙신 출신 정치인들은 박광온 빼놓고는 우째 그리 밉상들인지. 정동영, 최명길, 김주하, 김은혜, 엄기영등..조직문화가 그런건지? 하옇튼 엠빙신 출신들은 깊이나 진정성 없이 개인의 인기에 연연하는 정치를 하는듯..물론 다른 방송사 출신(한선교등)들도 밉상인건 마찬가지지만",3
"어떻게 정동영이 같은자가 
아직도 정치판에 있는가",3
꼬라지 하고는  그러고도  연동형비례법 요구하냐  야3당 없어진 후에  합시다정동영  날이 갈수록  어찌  이상해지는지 나원정말,3
무능하고 허망한 손학규 정동영 무리들은 총선에서 반드시 은퇴시켜야 한다.,3
"[정동영이 퇴물된 이유]
정동영 ""文정부는 '박근혜 정부 시즌2'..국정조사 청문회 필요"" 
민주 정치세력에게 총질,
민주세력의 민심 분위기 파악을 못함!",3
아마도 문통의 광화문 집무실 공약은 지켜지지 않을 것 같다. 지켜진다 하더라도 마지못해 억지로 하는 모양새가 될듯하다. 정동영의 대통령되면 버스타고 출퇴근하겠다는 공약과 비슷한 것이다. 그런 공약은 왜 했는지 모르겠다. 누구 머리에서 나온지도 궁금하고,3
정동영~ 2019년 정초 떡국 잘못먹은걸로~~,3
"정동영이 어떤짓을 했는지
자근 자근 팩폭 시켜버림~
노인 폄하 발언후
곤경에 처했을때 노통이 
통일부장관 입각 시켜주니
정동영부인이 총리를 왜 안시켜 
주었냐고 화를 냈더라고 ㅋ
난닝구부터 싸가지 문희상 정청래
다 끌려 나와 귓싸대기 쳐맞는 에피 ^^
정말 강추 꽝",3
"정동영과 이재명 한팀입니다.
이자들 살펴주세요.
더민주 망치는 자들 입니다.",3
정동영 얼굴 캡쳐 왜 이럼???,3
"정동영, 이자는 진작에 쫑쳤음. 대다수 국민들은 이걸 알고 있음. 기레기 시키들은 정똥영이 쫑쳤다는 것을 아는지 모르는지 이 헛소리를 기사라고 읊어대고 있음. 이 기사 쓴 기레기 시키도 쫑쳤다고 보면 확실함.",3
"광주, 전남 지역민 대상에 무등일보 의뢰. 이런식으로 여론조작 들어가지. 누구 좋으라고 허태열보다 더 악질인 지역감정   박지원과 노통 죽인 정동영과 이명박근혜 지지한 종자들과 합당 할까.
이해찬 박지원 정동영이 벽에 똥칠할때까지 해먹으라고? 합당 절대 안됨. 민주당은 전국정당임.",3
"이마트 셀프계산대 자리잡은 은련카드, 박원숭이 장려한 이유는 중국산 원숭이이기 때문인건 알지만! 곳곳에 또아리를 틀고, 한국기업과 합작한다는 목적으로 밀고 드러오는 짱께 침략 경계하지 하지 않으면 않됩니다. 주사파 빨갱이 문죄인, 더불어 공산당뿐 아니라 미래당, 정동영당,지겹다.",3
개인적으로 새해 큰 소망이 있다. 대한민국에서 사라져야할 1)친일자유당. 2)태극기부대. 3)정동영 김동철 김관영 주승용 위 쓰렉들이 영원히 사라졌으면 좋겠다.,3
"정동영 ""文정부는 '박근혜 정부 시즌2'
노무현 정부에서 역량도 깜도 안되는 주제에 호사를 누리던 자가 안철수에게 달라 붙어 빌빌대던 인물이 씨도 안먹힐 헛소릴 지껄이나? 쌍꺼풀 모습이 의아 했었는데 헛소리하는 이유가 있었군. 안철수 혈통들은 역시 구역질을 풍긴다.",3
장난이 아니라는 건데 여기에 도전장을 낸게 이주영 집안이라는 겁니다. 조호도 방송을 탔다는 겁니다. TV 는 구시대 유물이고 Computer 는 새로운 거라는 겁니다. 방송국을 장악해도 쿠데타는 이제 성공할 수 없다는 겁니다. 정동하 박사가 새로운것에 들어야 한다고 하는데 조선비즈가 더 이상 ...,3
"세월호 사고 유족, 정몽준 막내아들 검찰 고소 
조선일보 손녀처럼 자라면 이렇게 됩니다. 그리고 이런 사람이 재산을 불법 상속받고 대기업 회장이 되어 민중을 착취합니다.",3
ㅉㅉ정몽준이바보같은놈ㅉㅉ 버스비백오십원이지만방탄소년단은여섯명입니다 했으면 욕먹을일없었을텐데 ㅉㅉ,3
"1. MBC에서 정권교체가 확실해지자 사표내고 성신여대로 도망감
2. 성신여대에서 논문표절로 털리자 사표내고 JTBC로 도망감
3. JTBC에서 다이빙벨 왜곡으로 몰리자 정몽준을 디스하는 졸렬한 놈
4. 손석희",3
"1. MBC에서 정권교체가 확실해지자 사표내고 성신여대로 도망감
2. 성신여대에서 논문표절로 털리자 사표내고 JTBC로 도망감
3. JTBC에서 다이빙벨 왜곡으로 몰리자 정몽준을 디스하는 졸렬한 놈
4. 손석희",3
"1. MBC에서 정권교체가 확실해지자 사표내고 성신여대로 도망감
2. 성신여대에서 논문표절로 털리자 사표내고 JTBC로 도망감
3. JTBC에서 다이빙벨 왜곡으로 몰리자 정몽준을 디스하는 졸렬한 놈
4. 손석희",3
"1. MBC에서 정권교체가 확실해지자 사표내고 성신여대로 도망감
2. 성신여대에서 논문표절로 털리자 사표내고 JTBC로 도망감
3. JTBC에서 다이빙벨 왜곡으로 몰리자 정몽준을 디스하는 졸렬한 놈
4. 손석희",3
"정몽1주니어,,, 정몽준 아들이 전에 대중들은 개돼지라고 그래서 엄청 욕먹었는데 거의 팩트로 뼈때리는 수준",3
"단순히 알바 문제가 아니라, 이 사람은 정몽준이 버스비 70원이냐고 한 거랑 비슷해요. 당연히 집에서 돈 주고 당연히 기사가 운전하고 먹고 사는 걱정이란 걸 전혀 몰라요 근데 상담을 가르침",3
"2. 여론조사 조작, 댓글 조작, 남을 헐뜻는 거짓말을 전문으로 하면서도, 당연한 정치 활동이라고 뻔뻔하게 우기고 있다
노무현은 여론조사 조작으로 정몽준을 어거지로 누르고  대통령이된 후  임기 취임 전에  자기 아들 노건호 결혼식을 연세대에서  할 때,",3
신지예.. 지방 인프라 부족&lt; 이라는 사실이 공부까지 필요한 정보인가? 거의 정몽준급,3
"수구우파(특히 기독교)는 
이 문제를 가지고 개난리를 치며
문재인 정부를 미친듯이 공격하고 있고
수구좌파는 이 문제를 정우성까지 동원해서 
문파를 작전세력으로 몰고 있고 니미",3
기자년이 학생인척 출연해 자기생각대로 떠들면 그게 언론이냐 주작이지,3
"고작 전체당원의 17%로 부터 찬성표를 받아놓고 전당원의 대대적인 지지를 받았다고 떠드는 안철수와 대한민국 기레들의 뻔뻔함
눈하나 깜빡이지 않고 거짓말을 하던 이명박근혜 새누리식 뻔뻔한 정치는 더이상 국민들에게 통하지 않는다는 것을 이자들만 모르는듯",3
인간들아 제발 오늘을 살아 과거에 얽매여 있지 말고 오늘을 살란 말이야 정초부터 남 깎아내리고 루머 생성하는 생산적이지 않은 것들에 시간 소비하지 말고 님 인생이나 생산적으로 잘 살아보세요 물론 하는 일마다 망하길 바람,3
기자년이 학생인척 출연해 자기생각대로 떠들면 그게 언론이냐 주작이지,3
그 선생에 그 제자군. 진정한 스승이라면 홍걸군이 대통령 아들 당시 36악 뇌물 받아 먹은것 토해내서 사회에 환원하라고 일침을 놔야 그게 스승이지.,3
"고작 전체당원의 17%로 부터 찬성표를 받아놓고 전당원의 대대적인 지지를 받았다고 떠드는 안철수와 대한민국 기레들의 뻔뻔함
눈하나 깜빡이지 않고 거짓말을 하던 이명박근혜 새누리식 뻔뻔한 정치는 더이상 국민들에게 통하지 않는다는 것을 이자들만 모르는듯",3
"알라딘 서점....나에게 왜이럼...
내일 이지성작가 강연회갈때 사인받으려고 책주문했는데...그책만 쏙빼고 배송옴-_-
대한통운 택배기사 아저씨는 밤8시넘어   왔고...아기겨우 맡기고 간만에 가는 강연회인데 초치는 알라딘서점! 다시는 이용안하리 아 열받아 이건 어케 보상받을수도 없고 열받는다",3
"전 정부 4대강·자원외교 기록관리 엉망..폐지업체 불러 폐기도 
이럴려고 노무현전대통령이 만든 이지원시스템 패기 했구나
아무리 좋은 시스템 만들면 뭐 하냐 쓰레기 뽑아 놓으면 이꼬라지 내는데
투표 좀 생각하고 하자",3
유서로 뇌물을 준 정치꾼들을 고발했던 성완종이 지하에서 적폐 판검사들의 작난으로 무시당한 현실에 억울해서 통곡하고 있단다. 홍발정아 까불지 말고 자중해라 언젠가 너도 무상급식할거다.,3
"써글 인간 트럼프 후계자 자리는 맡아 놓았겠다.
너네 조상 벤자민이 지하에서 통곡하겠구나,미국은 끝이라고!",3
"박정희가~임금? 
이순신이 지하에서 울겠다~~
박정희를 숭배하고 옹호하는거야 자기맘이지만~박정희가 임금~이순신을 모신 현충원 현판을 임금인 박정희가 썼으니 괜찮다??
니미랄 이순신이 어느시대분인데 일개박정희라는자가 무엇이기에 나라의영웅인~역사의영웅인~이순신을 모신 곳에 현판을거는가",3
이지혜 게임에서 이지혜가 너무 우울하고 소극적인거 아니냐고 하는거 진짜 화남ㅡㅡ,3
이지혜 게임에서 이지혜가 너무 우울하고 소극적인거 아니냐고 하는거 진짜 화남ㅡㅡ,3
"특검(特檢) 박영수, 박충근,
이용복, 양재식, 이규철 5명의
검사들과
헌법재판소(憲法裁判所)의 박한철, 이정미,
김이수, 이진성, 김창종, 안창호,
강일원, 서기석, 조용호 9명의
헌법재판관들은
역사속에서
이와
같은
만고의
역적으로
기록될것이라는
것을
기억해야
한
다. .(박승학)",3
"특검(特檢) 박영수, 박충근,
이용복, 양재식, 이규철 5명의
검사들과
헌법재판소(憲法裁判所)의 박한철, 이정미,
김이수, 이진성, 김창종, 안창호,
강일원, 서기석, 조용호 9명의
헌법재판관들은
역사속에서
이와
같은
만고의
역적으로
기록될것이라는
것을
기억해야
한
다. .(박승학)",3
"헌법재판소(憲法裁判所)의
박한철, 이정미, 김이수, 이진성,
김창종, 안창호, 강일원, 서기석,
조용호 9명의 헌법재판관들은 우리나라의 역사속에 만고의 역적으로 기록될것이라는 점을 명심키 바란다.(박승학)",3
"뭐, 고전 읽으라고 뻗대는 사람은 대개 자기 자신부터 고전 안 읽었거나 글자만 본 사람이니까요. 굳이 뭐 이진성 씨나 공병호 씨 이야기를 콕 찝어서 말하는 건 아닙니다.",3
"법에 감성이 왜 필요하냐 미친놈아. 감성이 들어가면 기준이 왔다갔다 하는데 그게 법이냐 주관이냐? 말이 되냐? 너희같은 가짜 법관 말고, 그냥 순법주의 진짜 법치. AI판사 도입함이 옳다.  이진성 헌재소장 ＂헌법에도 눈물이 있다는 말 만들고 싶다＂",3
"여호와의증인의 병역거부는 헌법 제37조 제2항(국민의 자유와 권리 제한)에 위배되며, 살상임무 거부가 아닌 징집자체 거부이며 징병제도 붕괴 초래하기에 절대 용인해선 안 됩니다!! 그런데 신임 이진성 헌재소장의 말과 헌법재판소 돌아가는 모습 보니 아예 낙태죄와 병역법",3
"이명박·박근혜 새누리(자유한국당+바른정당)당 정권 통치 기간동안 MBC를 망친 핵심중의 핵심, 기레기의 상징! 이진숙 대전 MBC사장.. 해임 당하기 전 사표를 내서 퇴직금 2억 원 까지 챙겨가나요? 다시는 언론인 운운하지 말길!",3
잔머리 쓰는 이진숙 자진사퇴 했구나,3
"이진숙 대전MBC 사장 사의 표명..퇴직금 2억원 | 역시 돈 스스로 사의의 경우 퇴작금을 받을수 있지요. 허나
해임은 같이 의결시 톼직금을 받을수 없습니다. 극우는
결국 돈 입니다. 양심은없어요.",3
"이진숙 대전MBC 사장, 해임 앞두고 자진 사퇴 - 뻔뻔하긴! 퇴직금은 무신, 사퇴 받아주지 말고 해임하길 바란다.",3
"이명박의 개 김재철을 적극 빨아대며
대전 엠븅신 사장 자리까지 따냈던 이진숙!
9일자로 사임!
늦게 나마 방송 적폐 하나 날렸네~
종군기자 출신의 명예를 적폐부역으로 날려먹은 기레기로만 기억될 것!",3
"진숙이의 지난날 행태를 볼때 그냥 사퇴만 하면 되나 MBC
지분팔아 박근혜 대선 지원할려고 했던 음모는 그냥 넘길 것인가? RT  이명박·박근혜 '방송장악' 관여 이진숙 대전 MBC 사장 사의 표명 | 다음뉴스",3
"철벌해야쥐
이명박·박근혜 '방송장악' 관여 이진숙 대전 MBC 사장 사의 표명 |",3
"이진숙 대전 MBC 사장, 사의 표명 | 다음뉴스 
드디어 적폐쓰레기 청소 완료",3
"마석에도 짬뽕 맛집있는데
소이현이랑 인교진도 와서 먹어씀",5
"마석에도 짬뽕 맛집있는데
소이현이랑 인교진도 와서 먹어씀",5
양홍석 허훈 약간 유사나성범 유사인교진 느낌...,5
티엠아 지만 해피뉴이어 하면 도깨비에서 유인나 님이 이동욱 님이랑 헤어지실 때 했던 해피뉴이어가 자꾸 생각남,5
남태현 유인나 성형전 닮음,5
나이브가 숨 헐떡거리면서 일라이 로브 붙잡고 잡아 당기면서 '도와줘...'라고 속삭이면 그 모습에 홀려서 잠시 벙쪄있다가 손 댈려는 순간에 잭이 호르몬 냄세맡고 찾아와서 나이브 확 대려가 버리는거임,5
"히싸 터진날 혼자 방에서 괴로워하고 있는걸 일라이가 걱정스레 다가와서 옆에 있어주는데, 해줄수 있는게 없으니까 괴롭고 잭한테 그저 화나고",5
하도 생존자 애들 생긴게 다양하니까 이솝이 납관할때 재료부족이나 착각으로 옷이나 이런거 조금씩 틀린거 보고 싶다 안대 문양 평소랑 다른 일라이 자객망토에 망토 없어진 나이브 색칠 잘못해서 무모한 젊은이 스킨에서 운 좋은 젊은이 스킨된 윌리엄 평소랑 다른 향수 디자인이라고 좋아하는 베라,5
"그렇게 결국 출구앞에서 미친듯이 범해지지만 잭도 아직은 아이욕심은 없어서 안에다가 사정하지는 않음, 그렇게 한참 힘빠져서 늘어진 나이브 끌어안고 장원에서 나오는데 그 모습 보고 당연히 일라이가 경악하고는 잭 멱살을 잡는거지
""그 한테 무슨짓을 한겁니까""
라면서 죽일듯이 바라보고",5
일라피오이솝도 좋은데..  일라이는 그저 자신처람 신을 섬기는 존재라 피오나랑 친해졌는데 언제부터 인지 피오나 에게 사랑감정 느낀다... 이솝은 자신을 아껴주는 피오나에게 애정결핍증 생기고.. 피오나 두고 싸우는 남정네들..,5
나이브가 숨 헐떡거리면서 일라이 로브 붙잡고 잡아 당기면서 '도와줘...'라고 속삭이면 그 모습에 홀려서 잠시 벙쪄있다가 손 댈려는 순간에 잭이 호르몬 냄세맡고 찾아와서 나이브 확 대려가 버리는거임,5
"히싸 터진날 혼자 방에서 괴로워하고 있는걸 일라이가 걱정스레 다가와서 옆에 있어주는데, 해줄수 있는게 없으니까 괴롭고 잭한테 그저 화나고",5
"울쥐민 니트 갱장히 미사 임수정 생각나는 , , ,",5
디미니 니트보고 미사 임수정니트 생각나벌임,5
"""○○에 미쳐서"" 라는 말만 보면 영화 ...ing 에서 임수정이 했던 대사가 떠올라서 자동적으로 성대모사 하게 된다 ""그게 뭐야 .. !! 사랑에 미쳐가주구 ...!!!""",5
"""○○에 미쳐서"" 라는 말만 보면 영화 ...ing 에서 임수정이 했던 대사가 떠올라서 자동적으로 성대모사 하게 된다 ""그게 뭐야 .. !! 사랑에 미쳐가주구 ...!!!""",5
임원희님 상 받으셔서요,5
임원희 행님 벌써 50세 되심..?? ㅋㅋ,5
임재범은 진짜 특이한사람같다.,5
장광 배우 영화에서 맡은 역할 그대로 하네 ㅋ,5
하긴 에브는 지금 장광까지 7남긴 햇죠...^^)...,5
장광 배우 영화에서 맡은 역할 그대로 하네 ㅋ,5
하긴 에브는 지금 장광까지 7남긴 햇죠...^^)...,5
임수정 장기용 이다희 이원근 이렇게가 물망인거 같아요! 전부 다 확정이라는 말은 없구여,5
남배우 장기용 이원근이라는거 같아용,5
장만옥은 이에 뭘 낀 거야?,5
"내 친구 중에 왕조현이라는 애가 있어. 본명은 왕자현인데-, 왕조현이랑 똑같이 생겨가지고 우리끼리 왕조현이라 불러. 한 명 더 있는데 걔는 장만옥이야.",5
내 친구 중에 왕조현이라는 애가 있어. 본명은 왕자현인데 왕조현이랑 똑같이 생겨가지고 우리끼리 왕조현이라 불러. 한 명 더 있는데 걔는 장만옥이야.,5
장만옥은 이에 뭘 낀 거야?,5
"내 친구 중에 왕조현이라는 애가 있어. 본명은 왕자현인데-, 왕조현이랑 똑같이 생겨가지고 우리끼리 왕조현이라 불러. 한 명 더 있는데 걔는 장만옥이야.",5
내 친구 중에 왕조현이라는 애가 있어. 본명은 왕자현인데 왕조현이랑 똑같이 생겨가지고 우리끼리 왕조현이라 불러. 한 명 더 있는데 걔는 장만옥이야.,5
내 친구 중에 왕조현이라는 애가 있어. 본명은 왕자현인데 왕조현이랑 똑같이 생겨가지고 우리끼리 왕조현이라 불러. 한 명 더 있는데 걔는 장만옥이야.,5
놀래라 장문복이람줄,5
메리 울리는법: 장미화원 짓밟아놓음,5
"이미지가 생각나서 글씨만 적어봄
지원 영화동화리회장 우뢰매를 보며 영화인의 꿈을 키웠음
재진 볼링을 좋아해서 오티왔다가 볼링동아리부터 찾아옴
재덕 오티왔다 카메라 들고 교정 이곳 저곳찍다가 사진동아리방에옴
수원 오티늦어서 헐레벌떡왔는데 건물못찾음",5
장혁이랑 정우성은 닮지 않앗어요.,5
"런닝맨 러브라인
1. 월요커플 - 송지효 연애, 개리 결혼
2. 이광수, 전소민 - 이광수 열애설, 전소민(아직 없음)
러브라인 만들어진 4명 중에 2명이 열애설, 1명은 결혼.
이쯤되면 런닝맨에서 러브라인 만들면 열애설이나 결혼소식 들리는 징크스 있는듯(??)",5
JTBC에서 신년특집 토론 하는데..한때 썰전인기 있을때 유시민:전원책 구도를 그대로 끌어써왔는데 요즘은 인기가 많이 떨어진듯,5
"[김정은위원장]
-북남 군사분야합의 사실상의 불가침선언
-전제조건.대가없이 개성공단. 금강산관광 재개용의
-완전한 비핵화 불변한 입장,나의 확고한 의지
-미국이 상응한 실천행동 한다면 비핵화 빠른속도 전진
-언제든 또다시 미대통령과 마주앉을 준비돼
-미,우리 인내심 오판하면 새로운 길 모색",5
"귀와 긴 목덜미가 잘 익은 토마토처럼 벌개진 차쌤, 막상 게임이 시작되자 조금씩 전진하다 코 끝이 닿을 정도로 가까워지자 멈추고 정쌤은 무슨 생각인지 처음의 속도대로 멈추지 않아 입술이 닿을락말락. 여학생들, 꺄악! 소리지르고 남학생들 우어, 저음의 괴성을 지르는데 입술이 닿기 직전",5
"[김정은위원장]
-북남 군사분야합의 사실상의 불가침선언
-전제조건.대가없이 개성공단. 금강산관광 재개용의
-완전한 비핵화 불변한 입장,나의 확고한 의지
-미국이 상응한 실천행동 한다면 비핵화 빠른속도 전진
-언제든 또다시 미대통령과 마주앉을 준비돼
-미,우리 인내심 오판하면 새로운 길 모색",5
"귀와 긴 목덜미가 잘 익은 토마토처럼 벌개진 차쌤, 막상 게임이 시작되자 조금씩 전진하다 코 끝이 닿을 정도로 가까워지자 멈추고 정쌤은 무슨 생각인지 처음의 속도대로 멈추지 않아 입술이 닿을락말락. 여학생들, 꺄악! 소리지르고 남학생들 우어, 저음의 괴성을 지르는데 입술이 닿기 직전",5
"점오디 심각하다...
발담그기 - 독전
시작 - 손더게(사실 김재욱볼라구 봄)
근데 김동욱한테 치임
투욱필모존나맛있게 먹다가 신함보고 하욱필모 보기시작
그러다 티비에서 암살하길래 봤는데 하피보고 하정우 입덕 더테라보고 선모영화먹음 주필모 깨기 시작
근데 탐라 너머서 정경호가 넘어오네..?",5
"2. 친일파의 전재산을 환수한다
을사5적 이완용, 박제순, 이지용, 이근택, 권중현을 비롯한 모든 친일파의 전재산을 환수한다.",5
"2. 친일파의 전재산을 환수한다
을사5적 이완용, 박제순, 이지용, 이근택, 권중현을 비롯한 모든 친일파의 전재산을 환수한다.",5
(스댐..) 같은 입장으로서.. 넘 이해는 간다 나는 더이상 치이진 못할거같애 화이또언니,5
"넌 옳았니? 아니, 내가 하는 질문이 아니야. 네가 너 스스로에게 해야 할 질문이야. 하지만 질문에 얽매이진 마. 네 결단이 모든 걸 좌우하니까. 네 모든 신념을 다해야 할 거야.",5
"오늘 점심 교육청 메뉴는 ‘떡국’이었습니다. 새해를 맞아 모든 직원들과 떡국 식사를 했습니다. 
불현듯 어제 다녀온 청와대 신년 인사회의 이진성 헌법재판소장님의 ‘떡국개그’가 생각나더군요.
이진성...",5
"이진성 헌재소장 ""헌법은 불변 아냐...사회 변화 수용해야""
양심적 병역거부와 낙태죄 등 논쟁이 활발한 시기임을 감안하면 헌재의 기존 판단도 바뀔 가능성이 있다는 뜻으로 해석된다",5
"이진성 헌법재판소장은 ""헌법은 피와 눈물로 만들어진 것""이라며 ""지금의 민주주의 체제를 완성하기 위해서 얼마나 피를 많이 흘렸나""라고 강조했다.",5
이진성 헌재소장 ＂헌법은 피와 눈물로 만들어진 것＂,5
이진성 헌재소장 “헌법은 불변이 아닙니다”,5
정권의 ‘방송장악’에 관여한 책임을 물어 끊임없이 퇴진 요구를 받아온 이진숙 대전 MBC 사장이 8일 사의를 표명했습니다.,5
"이진숙 대전MBC 사장 '사퇴'... 노조 ""사필귀정""",5
이명박·박근혜 '방송장악' 관여 이진숙 대전 MBC 사장 사의 표명 | 다음뉴스,5
"이진숙 대전MBC 사장 '사퇴'... 노조 ""사필귀정""",5
이진숙 대전 MBC 사장 사의 표명,5
이진숙 대전MBC 사장이 8일 사의를 밝혔습니다.,5
이진숙 사장이 해임이 유력할 것으로 예상되었던 주주총회를 나흘 앞둔 시점에 MBC 경영국에 사임서를 제출했기 때문이다. 대표이사 사장의 경우 사표 수리 과정이 없기 때문에 제출 즉시 효력이 발생한다. 이 덕분에 이진숙 사장은 2억 원 상당의 퇴직금을 수령하게 됐다.,5
"이진숙 대전MBC 사장, 해임 앞두고 자진 사퇴 | 다음뉴스 
 엠비시 뉴스 이진숙입니다",5
"이진숙 대전MBC 사장, 해임 앞두고 자진 사퇴",5
"이진숙 대전MBC 사장, 해임 앞두고 자진 사퇴",5
이명박·박근혜 '방송장악' 관여 이진숙 대전 MBC 사장 사의 표명,5
'걸프전 스타'에서 'MB정권의 입'으로...이진숙 대전MBC 사장도 사의 표명 - 경향 모바일,5
"이진숙 대전 MBC 사장 사의 표명 | 다음뉴스 
8일 오후 5시쯤 대전MBC 경영국에 사임서 제출…언론노조 MBC본부 “사필귀정, 인과응보”",5
"[오마이뉴스 알림] 장재완 님의 기사가 정식기사로 채택됐습니다. &lt;이진숙 대전MBC 사장 '사퇴'... 노조 ""사필귀정""&gt;",5
"이진숙 대전 MBC 사장, 사의 표명",5
정권의 ‘방송장악’에 관여한 책임을 물어 끊임없이 퇴진 요구를 받아온 이진숙 대전 MBC 사장이 8일 사의를 표명했습니다.,5
"이진숙 대전MBC 사장 '사퇴'... 노조 ""사필귀정""",5
이명박·박근혜 '방송장악' 관여 이진숙 대전 MBC 사장 사의 표명 | 다음뉴스,5
"이진숙 대전MBC 사장 '사퇴'... 노조 ""사필귀정""",5
이진숙 대전 MBC 사장 사의 표명,5
서울 송파구에 거주하는 주부 이진주(33)씨는 지난해 10월만 해도 흐뭇한 표정으로 증권계좌를 들여다보곤 했다. 연초 한 증권사에서 가입한 브라질 채권 수익률이 연 15%까지 올랐..,5
한국일보 김지은씨가 본인들을 질타하는 시민들을 향해 `노사모 대표 노헤경`을 인용하고. 언론들이 미키루크 이상호가 건설공제조합 감사가 되었다고 기사화하는거나 전부 `문재인 지지자의 비도덕성`을 조망하려는 의도겠지만.`문빠`에겐 빚진거없고 영향받은거없는 퇴물들.대부분은 `누군지`도 모..,5
"[다경데일리] 대구시장 출마 이진훈 수성구청장, 정책대결의 장을 만들겠다!",5
이진훈 수성구청장  대구시 통합신공항 작심 비판 / 브레이크뉴스,5
"대구시장 출마 이진훈 수성구청장, 정책대결의 장을 만들겠다!",5
이진훈 수성구청장  대구시 통합신공항 작심 비판 / 브레이크뉴스,5
"[다경데일리] 대구시장 출마 이진훈 수성구청장, 정책대결의 장을 만들겠다!",5
이진훈 수성구청장  대구시 통합신공항 작심 비판 / 브레이크뉴스,5
"대구시장 출마 이진훈 수성구청장, 정책대결의 장을 만들겠다!",5
이진훈 수성구청장  대구시 통합신공항 작심 비판 / 브레이크뉴스,5
"이진훈 대구 수성구청장, 적십자 특별회비 전달 / 브레이크뉴스",5
"이진훈 대구 수성구청장, 적십자 특별회비 전달 / 브레이크뉴스",5
이찬수 목사와! 지금 방송중입니다.,5
"우리는 형통의 개념을 바꿔야 한다.
하나님의 기준으로는 대궐같은 집에서 
호의 호식하며 사는 것이 형통이 아니다.
하나님과 동행하며 사는 것이 형통이다.
높은 산이 거친 들이 초막이나 궁궐이나 
내 주 예수 모신 곳이 그 어디나 하늘나라
바로 이것이 형통이다!
&lt;보호하심&gt; 이찬수목사",5
"요리사 이찬오, 마약 혐의로 체포…공항서 적발",5
"'비디오스타' 김새롬 ""이찬오와 이혼, 2가지 논란 때문 아냐…내 탓이다 싶어 눈물""",5
"[실시간 2위 김새롬] '비디오스타'김새롬, 이찬오 셰프와 이혼 심경 전 &amp;quot;다들 웃으세요&amp;quot; 긍정 면모",5
김새롬 `비디오스타` 출연…前남편 이찬오 언급할까,5
"“두가지 이유 있었다”…김새롬, 이찬오와의 이혼 밝힌다 (출처 : SBS funE | 네이버 TV연예)",5
"‘비디오스타’PD “김새롬 편, ‘이찬오 마약’ 전 녹화…이슈화 노린 것 아냐” (출처 : 동아일보 | 네이버 TV연예)",5
“'이찬오 마약 사건' 전에 녹화됐다” 이슈화 논란 경계한 '비디오스타',5
"김새롬, '비디오스타' 출연…前남편 이찬오 '제주도 동영상' 사건 재조명",5
"‘이찬오와 이혼’ 김새롬, “결혼 일찍 해서 남편 잘 몰라” 과거 발언
자세한 기사는",5
전 남편 이찬오 셰프가 마약류 밀반입 혐의로 체포되면서 두 사람의 결혼과 이혼이 다시 화제가 되기도 했죠.,5
"김새롬, '비디오스타'서 이찬오와 이혼 심경 최초 고백",5
'비디오스타' PD가 김새롬 출연에 대해 한 말 : 앞서 김새롬이 '비스'에서 이찬오와의 결혼생활과 이혼 이유 등을 털어놓는다는 보도가 나왔다.,5
"비디오스타 김새롬, 이찬오 쉐프와의 이혼 이유 밝히나?",5
"이찬오 대마 혐의로 체포, 전 부인 김새롬의 근황도 덩달아 화제? (출처 : 스포츠Q | 네이버 포스트)",5
"이찬오,러블리한 김희선과 셀카 인증샷 눈길...""톱스타들 모임 위한 프라이빗 룸 준비""",5
"김새롬, 이찬오와 이혼 이유 밝혔다 '충격'",5
"'비디오스타' 김새롬 ""이찬오와 이혼, 2가지 논란 때문 아냐…내 탓이다 싶어 눈물""",5
"맞춤정보 알림서비스 
'비디오스타' 김새롬, 이찬오와 이별 이유 전격 공개? ""착하게 살려고 노력했...",5
김새롬 이찬오 셰프 마약과 이혼 이유,5
"김새롬, 이찬오와 이혼 후 첫 심경 고백 “모든 게 다 내 탓이라는 생각 들었다”",5
"'비디오스타' 김새롬-이찬오 셰프, ""이거 방송에서 말해도 되나""…결별 이유 고백할까?",5
"“두가지 이유 있었다”…김새롬, 이찬오와의 이혼 밝힌다 (출처 : SBS funE | 네이버 TV연예)",5
"김새롬, '이찬오와 이혼과정 털어놓는다'",5
"‘비디오스타’PD “김새롬 편, ‘이찬오 마약’ 전 녹화…이슈화 노린 것 아냐”:",5
김새롬 이찬오와의 이혼 비디오스타에서 밝힌다,5
"김새롬, '비디오스타'출연....이찬오 셰프와 이혼 심경 밝혀",5
블로그투데이-비디오스타 김새롬 이찬오 셰프 이혼사유 공개,5
"[SS이슈]김새롬-이찬오 이혼 사유, 전 국민이 알아야 할까?",5
"김새롬, 이찬오와 헤어진 후 그녀를 응원하는 팬들의 글 ¨언니 힘내세요…항상 누나편입니다¨ 주목",5
"김새롬, 이찬오와 이혼후 1년 만에 방송출연 비디오스타 그녀의 심경",5
"'비디오스타' 김새롬 ""이찬오와 이혼, 2가지 논란 때문 아냐…내 탓이다 싶어 눈물""",5
"[실시간 2위 김새롬] '비디오스타'김새롬, 이찬오 셰프와 이혼 심경 전 &amp;quot;다들 웃으세요&amp;quot; 긍정 면모",5
김새롬 `비디오스타` 출연…前남편 이찬오 언급할까,5
"“두가지 이유 있었다”…김새롬, 이찬오와의 이혼 밝힌다 (출처 : SBS funE | 네이버 TV연예)",5
"‘비디오스타’PD “김새롬 편, ‘이찬오 마약’ 전 녹화…이슈화 노린 것 아냐” (출처 : 동아일보 | 네이버 TV연예)",5
“'이찬오 마약 사건' 전에 녹화됐다” 이슈화 논란 경계한 '비디오스타',5
"김새롬, '비디오스타' 출연…前남편 이찬오 '제주도 동영상' 사건 재조명",5
"김새롬 &amp;quot;이찬오, 나한테 모태솔로라고 거짓말 했다…과거 계속 나와&amp;quot;",5
"‘이찬오와 이혼’ 김새롬, “결혼 일찍 해서 남편 잘 몰라” 과거 발언
자세한 기사는",5
전 남편 이찬오 셰프가 마약류 밀반입 혐의로 체포되면서 두 사람의 결혼과 이혼이 다시 화제가 되기도 했죠.,5
"김새롬, '비디오스타'서 이찬오와 이혼 심경 최초 고백",5
'비디오스타' PD가 김새롬 출연에 대해 한 말 : 앞서 김새롬이 '비스'에서 이찬오와의 결혼생활과 이혼 이유 등을 털어놓는다는 보도가 나왔다.,5
"“데뷔했을 때 이창동 감독님도 나한테 그랬다. 한국영화계가 환영하며 너를 받아들이지 않을지도 모른다, 그런 것들과 싸워야 한다고. 그땐 그게 뭔 말인지도 모르고 제가 왜 싸워요, 그랬는데.” — 문소리",5
오늘 안그래도 미하엘 하네케 관련 트윗을 보다가 이창동을 떠올렸다,5
"탠저린 감독 인터뷰 보니 ""현재 내게 큰 영향을 주는 감독은 &lt;오아시스&gt; &lt;시&gt; &lt;밀양&gt;의 이창동 감독이다"" 소노 시온도 언급했다ㅎㅎ 탠저린 성공으로 큰 영화 제의도 왔는데 거절했다고. 뭐 두고 봐야겠지",5
"이창수 전 파이브락스 대표가 이번에는 AI 기반 업무 자동화 서비스를 승부수로 던졌습니다. 기업용 AI 사업 모델로 주목할만할듯.""인공지능으로 기업 지식관리솔루션 시장 재편할 것"" &gt; 기사 | TECH M",5
"함께 고발당한 담당 공무원들은 '시장 지시 받았다' 진술
시장은 '지시한적 없다' …대질심문 예정
이창희 시장에게 '인사' 안해 괴씸죄 걸렸기 때문 의혹 돌아",5
"""진주시가 주차장 막아버려 폐업..이창희 시장 '괘씸죄' 의혹"" 
진주시 철도시설공단과 협약, 레일바이크 주차장 조성
진주시, 레일바이크 주차장 10개월만에 입구 막아버려
1년만에 폐업한 업주 진주시장 등 고발…이창희 시장 검찰조사",5
"이창희 진주시장 ""도시 기반 다져 제2의 도약"":",5
이채연 저번에 매점 애서 나란테 동전빌려간거 안갚았어 방금생각남,5
"이철경북도지사 출마자,  경북도지사 출마선언!! ""대한민국의 중심이 되겠습니다""",5
"정치=다경데일리]지방선거를 앞두고 선거 출마자들간 경쟁이 과열되면서 여론조사에서 앞선 경쟁자에 대한 허위 사실 및 비방이 끊이지 않고 있는 가운데, 상대 경쟁후보 측으로부터 사실과 다른 찌라시 공세를 받고 있는 이철",5
"'톤즈의 쫄리' 남수단 교과서에 실렸다 
초-고교 사회교과서 2∼3쪽 소개.. 청진기 들고 진료하는 사진 등 담겨",5
"＇울지마 톤즈＇ 故 이태석 신부, 남수단 교과서에 실리다",5
[좋은뉴스] 남수단 교과서에 실린 故 이태석 신부 / YTN,5
"수단의 슈바이처 이태석 신부님 남수단 교과서에 수록, '울지마 톤즈' 영화의 실제 주인공! (",5
＂당신은 영웅＂…남수단 교과서에 수록된 故 이태석 신부 (출처 : 연합뉴스 | 네이버 뉴스),5
"이태석 신부, 남수단 교과서에 볼 수 있어 : 연예 : 베리타스",5
"故 이태석 신부, 남수단 교과서에 수록
-의과대학을 졸업한 뒤 이 신부는 신학교를 마치고, 아프리카 선교를 지원했다.",5
한국에 방문한 살레시오회 총장 아르티메 신부는 한국 젊은이들의 목소리에 귀 기울이고 그들의 요청에 항상 응답하라고 당부했습니다.,5
"'남수단의 영웅' 故 이태석 신부, 현지 교과서에 봉사 인생 실렸다 | 조선일보 AMP",5
하나를 열로 나누면 가진것이 1/10으로 줄어드는 속세 수학과는 달리 가진 것 하나를 열로 나누었기에 그것이 ‘천’이나 ‘만’으로 부푼다는 하늘나라의 참된 수학을 배웠다.  - 이태석신부님 -,5
"[333 뉴스] 故 이태석 신부, 남수단 교과서 실렸다",5
"‘울지마 톤즈’ 故 이태석 신부, 남수단 교과서에 실리다",5
"수단의 슈바이처 이태석 신부님 남수단 교과서에 수록, '울지마 톤즈' 영화의 실제 주인공!",5
외국인 최초로 남수단 교과서에 실린 故 이태석 신부,5
[좋은뉴스] 남수단 교과서에 실린 故 이태석 신부,5
[리포트+] ＂우리 국민에게 영웅으로 남았다＂..남수단 교과서 실리는 故 이태석 신부,5
"남수단 정부, 故 이태석 신부에 대통령 훈장 추서 
남수단 정부가 자국에서 헌신적인 봉사활동을 하다 2010년 선종한 고(故) 이태석 신부에게 훈장을 추서했다.",5
"‘황금빛 내 인생’ 이태성, JTBC ‘미스 함무라비’ 캐스팅…고아라와 호흡",5
"[단독] '황금빛' 이태성, '미스 함무라비' 출연…고아라와 호흡 :: 네이버 TV연예",5
"박유천,절친 이태성의 위로 ""넌 왕세자쟎아. 누구나 다 겪는거..."" 훈훈한 브로맨스 사진 눈길...",5
"시사캐스트 모바일 사이트, 이태우 “박지원 사당화 되길 원하는 것인지”…직격탄 날려",5
"이태우 최고위원은 ""당무위에서 대표당원 500명을 추가 임명하는 것은 명백히 당헌에 명시된 것이며, 박지원 비대위원장 시절에 정한 것""이라며 ""그걸로 꼼수니 하는 것은 어불성설""이라고 강조했다.",5
"이태우 최고위원은 ""당무위에서 대표당원 500명을 추가 임명하는 것은 명백히 당헌에 명시된 것이며, 박지원 비대위원장 시절에 정한 것""이라며 ""그걸로 꼼수니 하는 것은 어불성설""이라고 강조했다.",5
"이태우 “아이스하키단일팀 논란, 무조건 따라오라? 옳지 않아”",5
"이태우 ""무조건 따라오라는 식의 일방적 진행은 옳지 않아""",5
"이태우 ""무조건 따라오라는 식의 일방적 진행은 옳지 않아""",5
"안철수계 인사들도 폭발…“새정치는 죽었다”
서울시장 전략공천부터 노원병, 송파을 재보궐 공천 과정까지 연일 갈등 표출 
친안계 장진영·이태우-친유계 박종진 후보 반발…진수희 서울공동위원장 사퇴",5
"jtbc[비하인드 뉴스] 이태우·진수희 ""통합 뼈저리게 후회""",5
"'안철수 비서출신' 이태우, 송파을 예비후보 사퇴했다 : ""안철수계 유승민계로 나뉘어 계파싸움에만 몰두하는 모습에 실망스럽다”",5
"'안철수 비서' 이태우 ""새정치는 죽었다"", 안철수와 결별
""안철수 통합에 찬성했던 것 뼈저리게 후회""
진수희 ""통합 뼈저리게 후회"", 안철수 질타하며 서울시당위원장 사퇴
바른미래당 공천 갈등 점입가경
박종진 ""3등후보라 공천 못 한다고? 안철수도 3등이잖나""
""바른미래당이 안철수 사당이냐""",5
'비행소녀' 이태임 ＂나이 들면서 좋고 편한 사람들 없어져＂ (출처 : 마이데일리 | 네이버 TV연예),5
"이태임씨가 은퇴선언했다는 이유로, 현재 검색어 순위 상위라는데, 참 공교롭네. 행여 LSH 수사하다 걸린 게 있나?",5
이태임 “지난날 너무 힘들었다”… 돌연 은퇴선언?,5
"이태임 ""고통스러워…앞으로 평범한 삶 살 것"" 은퇴 암시",5
"[노컷뉴스] 이태임, SNS로 불거진 은퇴설…""앞으로 평범한 삶 살 것""",5
"이태임, SNS로 은퇴 선언? “평범한 삶 살기로 결정”",5
"[전문] 이태임 활동중단 선언(?)…“그간 너무 힘들었다”
자세한 기사는",5
"이태임 ""그동안 고통, 힘들었다…평범한 삶 살 것"" 활동중단 선언?",5
"리뷰커뮤니티 HOOGi 오픈! 
이태임, 연예계 중단 암시 글…팬들 “무슨 일 하시든 행복하시길”",5
“너무 힘들었다...평범한 삶 살겠다” 이태임이 인스타에 올린 글,5
"이파니 ＂성형 고백? 거짓말 안하는 스타일, 코수술만 5번＂ (출처 : 스포츠서울 | 네이버 TV연예)",5
"[bnt화보] 이파니 ""플레이보이 모델 계기? 꿈이 아닌 살기 위한 도전""",5
"이파니, 싱글맘 공개 전 “걸림돌이라는 생각에 기획사서 미혼모 사실 숨기게 했다”",5
"이파니, ¨평생 먹고 살만한 현금 주겠다¨ 동거 제안에 거절",5
"[텔리뷰] 이파니 ""나는 죄인, 이혼 후 미혼모 사실 숨겨""",5
"리뷰커뮤니티 HOOGi 오픈! 
서성민, 이파니와 화끈한 첫 만남… ""무작정 무릎에 앉아 술을 마셨다""",5
"'좋은아침' 이파니 플레이보이 모델 1위 수상 트로피 공개, ""부끄럽지 않다"":",5
"이파니 ""서성민과 권태기로 이혼까지 생각"" 눈물 (ft. 좋은아침) | 다음 연예 
쉽지않아 ㅜ",5
"이파니 ""둘째 낳고 몸무게 78kg..한 달 반만에 30kg 감량했다""",5
"이파니 30kg 감량 ""다이어트는 여자의 숙명""",5
‘여유만만’ 이파니 “둘째 임신 후 78kg까지…한 달 반 만에 30kg 감량”,5
‘여유만만’ 이파니 “둘째 출산 후 한달 반 만에 30kg 감량…비결은 낙지:,5
"[어게인TV] `애들생각` 이파니, `아들 2살 때 이혼…죄인같은 마음`",5
"“재혼 사실 죄인같아” 이파니서성민, 사춘기 아들 훈육 고민 ‘애들 생각’[어제TV]",5
"불타는 청춘’ 오현경 “신효범, 스토커 위협서 구해준 고마운 사람”
이파니
 사이트안내 &gt;&gt; 
397nq-5xa4",5
[실시간 14위 서성민] 이파니의 눈물.... 서성민과 재혼 아들에게 상처 될까봐 미안,5
"'BH' 적힌 상자 17개..국정기록 유출? ""이명박 전 대통령이 재직 당시 청와대에서 만들어진 기록물을 무단으로 빼내 비밀창고에 보관해온 사실이 드러날 경우에도 그 파장이 적지 않을 걸로… 대통령 기록물이 포함돼 있을 경우 7년 이하 징역에 처해지는 중요한 범죄 행위…""",5
"영포빌딩에서 검찰이 압수한 서류의 생산 시기는 이명박의 재임기간인 2008년부터 2011년.
다스가 BBK에서 140억 원을 돌려받는 과정에서 권한을 남용해 부당 개입했다는 의혹을 밝힐 단서. 
서류들에 대통령 기록물이 포함돼 있을 경우 7년 이하 징역에 처해지는 범죄.",5
[단독]‘보이스’ 시즌2 배우 이하나 합류...장혁·김재욱은 출연 불발,5
이하나변호사.. 오늘은 미니스커트를 입고 왔네요.,5
"‘불타는 청춘’ 이하늘, 낚시방송 탓에 인기 폭발…“많은 응원 받아”",5
"'불타는청춘' 이하늘 ""안면인식 장애…이연수 옆모습에 오연수 착각"" - 조선일보",5
"'불타는 청춘' 이하늘, 강문영 못 알아봐 ""그냥 예쁜 연예인인 줄"" 이연수는 오연수와 착각",5
"undefined - 불청 새해 첫 친구, 원조 악동 DJ DOC 이하늘 등장! | 다음연예 - 영상",5
"‘불타는 청춘’ 이하늘, 이연수에 “손지창 형수님 아니시냐”..폭소 선사 / 브레이크뉴스",5
"불타는청춘 이하늘, ""남들보다 심한 안면인식장애 있어""",5
이하늘 합류 ‘불타는청춘’ 시청률 대폭 상승·동시간대 1위,5
“강문영 씨세요?!” 바로 옆에 있던 강문영도 못 알아본 이하늘 '안면인식장애',5
"‘불타는 청춘’ 이하늘, 이연수·강문영 못 알아봐…“안면인식 장애 심하다”",5
"불청 이연수 마마크리에이티브와 전속계약 생애 첫 소속사 한은정과 한솥밥, 이연수 37년 동안 소속사 없이 홀로 활동, SBS 불타는청춘 마라도 겨울여행 답사대 이연수 일본어 실력 화제, 이하늘 새 친구 합류",5
"[Twice] 이하늘, 대기 중 만난 트와이스와 함께…“쿨하게 맞팔은 안하기로”",5
2일 오전 배우 이하늬가 인천공항을 통해 일본으로 출국했다. 이하늬는 일본 교토에서 화보촬영이 예정되어 있다. 밝은 표정으로 출국장을 나서고 있는 이하늬.,5
‘불후’ 이하린 “감히 이렇게 큰 무대에..너무 벅차 눈물”,5
"[실시간 1위 이하린] [별별TV]역시 '불후'안방마님..알리, 이하린누르고 3연승 달성",5
"'너목보5' 이하린, 신인 가수로 재방문 ""감회 새롭다""",5
[송충이] 박상우와 이하린의 “바램은 그것뿐 (뮤지컬 오페라의 유령)” (출처 : 캐스팅 콜 | 네이버TV),5
"뮤지컬 ‘바람과 함께 사라지다’의 남녀 주인공
스칼렛 오하라와 레트 버틀러를 결정지을 생방송 파이널 무대!
1,200여명의 지원자로 시작한 대장정
4차에 걸친 오디션을 통해 남은 지원자는 단, 6명! ‘스칼렛 오하라’ 후보 – 김수연, 이하린, 최지이
‘레트 버틀러’ 후보 – 배명진, 백승렬, 임별",5
'캐스팅콜' 백승렬·이하린 1위 최후 6인 결정..사전투표 시작,5
화상경마장 도심추방 결의 이낙연 총리-이학영 의원 공적 높이평가 / 브레이크뉴스,5
"김어준의뉴스공장[18.01.09] 하태경, 남경필·김세연·이학재 탈당 가능성 및 통합 전망은? 바른정당 '합당할 만한 실체'가 있...",5
김세연·이학재·남경필 이르면 내일 통합불참·탈당 선언,5
김세연·이학재·남경필 이르면 내일 통합불참·탈당 선언(종합) | 다음뉴스,5
"김세연·남경필 9일 탈당, 바른정당 '3차 탈당' 시작 
김세연 의원이 탈당하면 한때 33명에 달했던 바른정당 의원은 10명으로 줄어들며, 이학재 의원마저 탈당하면 9명으로 줄어들면서 국민의당과의 통합 드라이브 동력이 약화될 전망",5
"김세연, 내일 바른정당 탈당…남경필은 통합불참 확정 
金 ""남경필, 이학재와도 연락 주고받아…발표 방식 조율 중""",5
김세연·이학재·남경필 이르면 내일 통합불참·탈당 선언(종합),5
김세연·이학재·남경필 이르면 내일 통합불참·탈당 선언(종합) | 다음뉴스,5
"바당 남경필,김세연, 이학재
빠르면 내일 탈당한다고",5
김세연·이학재·남경필 이르면 9일 통합불참·탈당 선언 : 뉴스 : 동아닷컴,5
"김세연·남경필, 내일 통합불참 선언할 듯… 탈당 전망 
이학재·원희룡 추가 탈당 가능성 거론되나 입장 안 밝혀",5
"Retweeted 문바라기 (
남경필·김세연·이학재, 이르면 내일 '통합 불참' 선언  
손학규가 국바당 통합해야 한다고 한마디 던지자...",5
김세연·이학재·남경필 이르면 내일 통합불참·탈당 선언(종합) | 다음 뉴스,5
"이학재, 바른정당 잔류 선언…""통합에 힘 보태겠다""(속보)",5
"풍비박산 바른정당..이학재도 탈당하나 '한자리수 정당위기' ""원희룡 제주도지사를 포함한 또 다른 현직 두 의원이 탈당할 것으로 알려지면서 향후 바른정당 의석수가 7~8석에 그칠 것이란 전망도..""",5
"남은 10명의 현역 의원 중 이학재 의원도 사실상 탈당으로 마음을 굳힌 것으로 알려지면서 당 안팎에서는 연쇄 탈당을 우려하는 목소리가 나오고 있다.
실제로 이 의원 뿐만 아니라, 2~3명의 의원이 통합에 소극적 태도로 일관하면서 탈당 도미노 조짐이 엿보이는 상황이다.",5
"이학재까지 떠나나…의원 33명으로 출발한 바른정당, 9명으로 줄어들 듯",5
풍비박산 바른정당…이학재도 탈당하나 '한자리수 정당위기',5
"어차피 갈 사람은 가고 남을 사람은 남는다.  그게 인생이다. 그분들을 비난하지 말라. 마찬가치로 통합도 비난할 것 없다. 모두 운명대로 가는 것.
풍비박산 바른정당…이학재도 탈당하나 '한자리수 정당위기'",5
"이학재도 떠나나…바른정당, 33→9명 ‘한 자리수’ 정당 위기",5
"김세연도 가고, 이학재도 가고?…남은 9명 ‘낙동강 오리알’?
국민의당 통합 동력 현저히 약화
김세연 의원이 자유한국당으로 복당을 결정하면서 바른정당에 3차 이탈 사태가 벌어지고 있다.  김 의원에 이어 이학재 의원도 탈당자로 거론되면서...",5
"이학재 ""여자아이스하키 단일팀, 올림픽정신에 맞지 않는 생색내기""",5
"[오마이뉴스 알림] 박봉민 님의 기사가 정식기사로 채택됐습니다. &lt;이학재 ""여자아이스하키 단일팀, 올림픽정신에 맞지 않는 생색내기""&gt;",5
"이학재, “정부, 여자아이스하키 남한선수에게 사죄해야”",5
"이학재, ""정부, 여자아이스하키 국가대표한테 사죄해야""",5
[다음카페] 이학재의원 바른정당 울산 현장 최고위원회 참석,5
야구 유망주 배지환 '육성선수 자격' 법정 다툼…국해성 사례 쟁점 (출처 : 뉴스1 | 네이버 스포츠),5
이한열 기념사업회가 강동원에게 감사를 전했다,5
"이한열기념사업회 ""'1987' 슬펐다…용기낸 강동원 감사""",5
첨언하면 1987의 아쉬운 점은 여성을 지웠다는 것이 아니라 박종철을 고문사시킨 진범이 따로 있음을 전하는 교도관의 조카 연희와 이한열 후배로서의 연희가 약간 따로 논다는 점. 이 부분에 대한 디테일이 러닝타임이나 스토리상의 문제로 삭제된 것이 아닐까 생각됨. 감독판 1987을 기다리는 이유.,5
"어제 트윗. 김정남, 이부영, 함세웅의 인터뷰 기사를 토대로 김태리의 실제 모델이 고영구 변호사의 딸일 거라고 짐작. 이 영화의 훌륭한 점은 박종철과 이한열을 연결시켰다는 점인데 연희에게 그 역할을 맡김으로서 주연급 중의 한명이 아니라 전체를 아우르는 주인공이 됨.",5
"이한열 어머니 ""영화 1987, 민주주의 가치 일깨워줄 것"" | 다음뉴스",5
"이한열 어머니 “영화 1987, 마음의 준비가 안돼 못보겠어요”",5
영화 1987에서 악역으로 나왔던 우현은 과거 고 이한열 열사의 장례식은 물론 49재 행사를 이끌었다.,5
故 이한열 열사 어머니는 키가 큰 강동원을 보며 아들 생각이 난다며 눈물을 훔쳤다...,5
“우리 한열이 본 것 같이 좋았어” 이한열 열사 어머니가 말한 강동원,5
故이한열 열사의 어머니가 강동원을 만났다,5
"‘한밤’ 강동원, 고(故) 이한열 열사 母 찾아간 사연 공개",5
"""그(강동원)는 2016년 여름 박근혜의 서슬이 시퍼렇던 때, 배우로서 불이익을 감수할 각오로 제일 먼저 달려와 배역을 수락해 주었습니다""",5
"띠용,,, 김영하 작가랑 이한열이랑 같은 학교 같은 과 동기에 친구였었구나,,, 전혀 몰랏다,,, 영정 그림도 같이 들고 행렬 참여도 했었다고,,,",5
"""애기(강동원)가 애쓰고 했는데, 수고했다고 말만하지 말고 가서 (영화를)봐야 안 쓰것냐""라고 했다는 이한열 열사 어머니",5
"‘1987’ 강동원, 이한열 어머니께 김장김치 선물받았다",5
"이한열'역 강동원에 열사어머니 '애기야, 김장김치 갖고 가렴'
어머니가 ""예쁜사람"" ""애기""라 불러
연세대 촬영장 찾아갔을때 만나기도
강, 박근혜정부 시절 ""시나리오 달라""
투자자 결정도 전에 열사역 오케이
묘 참배때 박새가 비석 찾아와 '신기'",5
"'1987' 강동원, 이한열 어머니께 김장김치 선물 받았다",5
"영화 '1987' 이한열 역 배우 강동원, 열사 묘소 참배",5
"""이한열 어머님은 강동원씨를 '애기'라고 부릅니다""",5
"‘극중 아들' 강동원에게 김장김치 선물한 이한열 열사 어머니
""영화 '1987'에서 이한열 열사를 연기한 배우 강동원이 영화 촬영 당시 수차례 이한열 열사 어머니 배은심 여사를 찾았던 것으로 알려져 눈길을 끌고 있다.""",5
강동원이 이한열 열사 어머니를 만났다,5
‘극중 아들’ 강동원에게 김장김치 선물한 이한열 열사 어머니,5
"故 이한열 열사 어머니 ""강동원 애썼는데 '1987' 봐야 안 쓰겄냐""",5
"세월호 순직 교사, 현충원 묘역에 안장됐습니다
_양승진·박육근·유니나·전수영·김초원·
이해봉·이지혜·김응현·최혜정 교사 
-
책 &lt;세월호참사 팩트체크&gt;",5
&lt;대전현충원은 16일 오전 11시 현충관에서 양승진·박육근·유니나·전수영·김초원·이해봉·이지혜·김응현·최혜정 교사 합동 안장식을 한다고 15일 밝혔다.&gt;,5
"네이버 사면초가...
이해진, '양파껍질'처럼 나오는 의혹에 '곤혹'",5
"2018 무술년 새해 첫날 노무현 전 대통령 묘역 신년참배 줄이어 문재인 대통령 조화, 노무현재단 이해찬 이사장 더불어민주당 추미애 대표 지도부 봉하마을 찾아 합동 참배식 헌화",5
베트남에서 시진핑과 한.중정상회담에서는 한중관계정상화라며 THAAD 3不-쌍중단이 합의되고 시진핑은 국빈방문 문재인을 중국 초청했다 필리핀에서 리커창과의 북핵문제 해결도 북미평화협정으로 종결 합의되고 그래서 문재인과  중국방문 함께한 이해찬이 북핵문제 해결은 중국과 똑같다고 했었다,5
"민청련의 이해찬, 민가협의 인재근, 여성계의 이미경, 민추협의 한영애,김도현, 민통련의 성유보 기독교계의 황인성, 천주교의 이명준 등이였다. 국본은 발기인만 2천명이 넘는 거대조직이였는데, 리더그룹의 30%가 여성이였다.",5
"노무현 ""대통령 힘들어 못 해 먹겠다""
실제로 문재인,이해찬 등이 간섭해서 그런건지
그건 명확하지 않은데
내가 기억하기로도
당시 여권에서 노무현이 추진하려던 중도우파성향의 경제정책들은
반대한건 맞는걸로 기억함
그래서 실제로 당시
""차라리 한나라당과 연계해야하나""는 말까지 나옴",5
"문재인을 싫어하는 진짜 노빠들에 따르면 민정수석이던 문재인이 하도 간섭을 하고 이해찬등이 사사건건 태클을 걸어와서 '대통령 못해 먹겠다'는 푸념이 나왔단다.문재인은 사직했고,이후 압력으로 비서실장으로 한명숙을 총리로 끌어러들일 수 밖에 없었다고,결국은 종북방북과 자살로 마감했다고",5
새해 첫날 봉하마을 고 노무현 대통령 참배객 북적,5
"(정치인들이5.18유공자된사연)이번 지급대상자 가운데는 이해찬 교육부장관, 한화갑 국민회의 원내총무 등 정치인 35명도 포함됐다. 보상금 지금은 90년과 93년에 이어 세 번째로 이번 대상자를 포함하면 모두 3,840명에 달한다”는 내용이다. (지만원)",5
"(정치인들이5.18유공자된사연)1998년 7월30일자 동아일보 사회면,
‘5.18 민주화운동 보상 한승헌-이해찬씨 포함’이라는 제목의 기사가 있다.  (지만원)",5
"""은하선 작가의 하차 결정은 명백하게 성소수자의 입을 막아 존재를 지우겠다는 반동성애 집단의 요구에 부응하기 위한 명분에 불과하다""
손아람·손희정·이현재씨가 ""은하선 작가 하차 결정을 받아들일수 없다""며 17일로 예정된 &lt;까칠남녀&gt; 녹화를 보이콧하겠다고 밝혔습니다.",5
"&lt;까칠남녀&gt; 출연진, 은하선 하차 조치에 반발 '녹화 보이콧'",5
"이현재 교수 여성신문 인터뷰. 
제목이.. 날카롭..네요? 
“다른 소수자 빼고 ‘여성’만 챙긴다? 페미니즘 아니라고 봐”",5
"&lt;까칠남녀&gt; 출연진, 은하선 하차 조치에 반발 '녹화 보이콧'",5
"""이현재 교수와 손희정 교수, 그리고 손아람 작가는 촬영 보이콧을 선언했다. 이들은 은하선 작가의 하차가 “명백하게 성소수자의 입을 막아 존재를 지우겠다는 반동성애 집단의 요구에 부응하기 위한 명분”이라며 하차 결정을 받아들일 수 없다고 말했다""",5
"""은하선 작가의 하차 결정은 명백하게 성소수자의 입을 막아 존재를 지우겠다는 반동성애 집단의 요구에 부응하기 위한 명분에 불과하다""
손아람·손희정·이현재씨가 ""은하선 작가 하차 결정을 받아들일수 없다""며 17일로 예정된 &lt;까칠남녀&gt; 녹화를 보이콧하겠다고 밝혔습니다.",5
"&lt;까칠남녀&gt; 출연진, 은하선 하차 조치에 반발 '녹화 보이콧'",5
"이현재 교수 여성신문 인터뷰. 
제목이.. 날카롭..네요? 
“다른 소수자 빼고 ‘여성’만 챙긴다? 페미니즘 아니라고 봐”",5
"&lt;까칠남녀&gt; 출연진, 은하선 하차 조치에 반발 '녹화 보이콧'",5
"""이현재 교수와 손희정 교수, 그리고 손아람 작가는 촬영 보이콧을 선언했다. 이들은 은하선 작가의 하차가 “명백하게 성소수자의 입을 막아 존재를 지우겠다는 반동성애 집단의 요구에 부응하기 위한 명분”이라며 하차 결정을 받아들일 수 없다고 말했다""",5
"이현준 봉화군수,&amp;quot;재난 없는 안전한 봉화 만들겠다&amp;quot; / 브레이크뉴스",5
[다경데일리] 이현준 예천군수 “설”맞이 사회복지시설 위문!!,5
이현준 예천군수 “설”맞이 사회복지시설 위문!!,5
한혜연·이혜영·고원혜·정우성…TOP 10 피플 ‘스타일 서울’ 프로젝트 참여,5
한혜연·이혜영·고원혜·정우성…TOP 10 피플 ‘스타일 서울’ 프로젝트 참여,5
"UAE 원전수주 대가 의혹, 2010년부터 나왔다
당시 유승민 한나라당 의원 “UAE 파병 관련 비밀 합의문건 의혹 있다”…당시 이성헌·이혜훈 의원도 문제 지적
원문보기:...",5
"UAE 원전수주 대가 의혹, 2010년부터 나왔다
당시 유승민 한나라당 의원 “UAE 파병 관련 비밀 합의문건 의혹 있다”…당시 이성헌·이혜훈 의원도 지적
2010.11.11－유승민 한나라당 의원 “UAE 파병에 대해 대통령과 국방·외교장관, 외교안보수석 등 극소수만 본 비밀 합의 문건이 있다는 의혹이 있다”",5
"제가 아까 라이브로 들었는데요. 유승민대표 ""어째 오늘색이 좀 이상하다 ㅎㅎ"" 이혜훈의원 ""배려해서 입었습니다"" ㅋㅋㅋㅋㅋㅋㅋ",5
"[포토] '엣지' 이호성 ""올해도 콩두의 미드는 내가 지킨다""",5
"[롤챔스] '에지' 이호성 ""조이는 여전히 1티어다""",5
[영상 인터뷰] ˙엣지˙ 이호성 ＂MVP전 승리로 우리 성장 느낄 수 있어＂ (출처 : 포모스TV  | 네이버TV),5
"[포토] '엣지' 이호성 ""올해도 콩두의 미드는 내가 지킨다""",5
"[롤챔스] '에지' 이호성 ""조이는 여전히 1티어다""",5
"이호연 전 대표이사는 젝스키스, 핑클, 클릭비, SS501, 카라 등을 만든 제작자입니다.",5
"젝키·핑클 등 스타 배출한 이호연 DSP 미디어 사장 별세
출처 : 일간스포츠 | 네이버 TV연예",5
‘별세’ 이호연 DSP 미디어 사장 누구?…젝스키스·핑클·카라 만든 아이돌계 마이더스의 손,5
‘젝스키스·핑클 배출’ 이호연 DSP 사장 별세…향년 64세,5
"DSP 측 “이호연 전 대표, 투병 중 별세…빈소 준비” [공식]",5
카라-핑클 배출한 DSP 미디어 이호연 사장 별세,5
"DSP 측 “이호연 대표, 투병 끝 오늘(14일) 별세”(공식)",5
[단독] 이호연 DSP 대표 오늘 별세…젝키·핑클·카라 배출한 기획자,5
젝스키스·핑클 만든 DSP 미디어 이호연 대표 별세,5
[단독] 이호연 DSP대표 오늘 별세..젝키·핑클·카라 낳은 제작자 | 다음 연예,5
[단독] 이호연 DSP 대표 오늘 별세…젝키·핑클·카라 배출한 기획자 (출처 : 스포츠조선 | 네이버 TV연예),5
이호연 DSP대표 오늘 별세…젝키·핑클·카라 낳은 제작자 (출처 : 스포츠조선 | 네이버 TV연예),5
"이호연 전 대표이사는 젝스키스, 핑클, 클릭비, SS501, 카라 등을 만든 제작자입니다.",5
"젝키·핑클 등 스타 배출한 이호연 DSP 미디어 사장 별세
출처 : 일간스포츠 | 네이버 TV연예",5
‘별세’ 이호연 DSP 미디어 사장 누구?…젝스키스·핑클·카라 만든 아이돌계 마이더스의 손,5
‘젝스키스·핑클 배출’ 이호연 DSP 사장 별세…향년 64세,5
"DSP 측 “이호연 전 대표, 투병 중 별세…빈소 준비” [공식]",5
카라-핑클 배출한 DSP 미디어 이호연 사장 별세,5
"이호준, NC와 코치 계약…＂연수 끝나면 NC 코치로＂ (출처 : 연합뉴스 | 네이버 스포츠)",5
"‘친정에서 새 출발’ 이호준, NC와 코치 계약",5
[SPO 톡] 'NC 코치 계약' 이호준 ＂책임감 갖고 연수 간다＂ (출처 : 스포티비뉴스 | 네이버 스포츠),5
"이호준, NC와 코치 계약…&amp;",5
"‘친정에서 새 출발’ 이호준, NC와 코치 계약",5
"이호준, NC와 코치 계약…＂연수 끝나면 NC 코치로＂ (출처 : 연합뉴스 | 네이버 스포츠)",5
"‘친정에서 새 출발’ 이호준, NC와 코치 계약",5
[SPO 톡] 'NC 코치 계약' 이호준 ＂책임감 갖고 연수 간다＂ (출처 : 스포티비뉴스 | 네이버 스포츠),5
"이호준, NC와 코치 계약…&amp;",5
"‘친정에서 새 출발’ 이호준, NC와 코치 계약",5
"‘친정에서 새 출발’ 이호준, NC와 코치 계약",5
"이호준, NC와 코치 계약…&amp;",5
"[중앙] 부산 김영춘-이호철 모두 가상대결서 우위, 경남 김경수-공민배 한국당에 우세",5
"김영춘 이호철에 부산시장 출마 권유
그는 ""이호철 전 수석과 자주 통화하는 편이다. 시장 출마도 생각해보라고 말했다""면서 ""출마 의지가 전혀 없다고 보긴 힘들다""고 밝혔다.",5
"김영춘 장관
 ""이호철에 부산시장 출마 권유""
""이호철 전 민정수석 '시장 자질' 충분""  
김영춘 해수부 장관, 지지 표명 
'후보 구도에 변화 오나' 주목",5
"김영춘 장관
 ""이호철에 부산시장 출마 권유""
""이호철 전 민정수석 '시장 자질' 충분""  
김영춘 해수부 장관, 지지 표명 
'후보 구도에 변화 오나' 주목",5
"전해철 개그 2 
자기 인지도가 낮아서 지지도가 낮다는데, 전해철보다 더 인지도 낮은 박범계 박남춘 김경수 이호철은 왜 지지도가 높을까?
인지도 높은 최성은 왜 지지도가 낮을까?",5
"김영춘 ""이호철에 부산시장 출마 권유""",5
이호철·오거돈 출마 여부 따라 부산시장 판세 출렁일 듯,5
이호철·오거돈 출마 여부 따라 부산시장 판세 출렁일 듯,5
"문재인 정부 개국공신 ‘3철’-전해철, 이호철, 양정철, 
집권 2년차에 그림자 신세 벗을까",5
"경기지사 출마하는 전해철, 부산시장 차출설 나오는 이호철, 17일 출판행사차 귀국하는 양정철...
지난해 정권교체 이후 2선후퇴와 백의종군을 택했던 ‘3철’이 새해 벽두부터 움직이기 시작했는데요.",5
"이호철, 전해철, 양정철 등 철이 필요하시군요?",5
서병수 부산시장이 자신의 '쉬운 상대'로 오거돈 전 해양수산부장관을 꼽았다. 반면 이호철 전 청와대 민정수석에 대해서는...,5
"[단독] 이호철 ""부산시장 출마 않겠다"" 
지방선거 관련 처음 입장 밝혀
민주당 선거 전략 수정 불가피",5
"이호철 불출마 기사가 떴는데 하도 가짜뉴스가 넘치니 사실 유무는 더 봐야겠지만, 안 나오는 게 맞다면 잘 생각했다고 말하겠음.",5
"文대통령 측근 삼철 전해철 '등판'에 양정철·이호철 역할론 '솔솔' | 다음뉴스 
전해철이 경기지사에 도전했지만....",5
암튼 이호철은 부산시장 불출마 선언했음,5
"이호철 수석은 “박종철 열사, 김근태 선배보다 내가 몇년 먼저 칠성판을 탔는데, 그때 내가 죽었더라면 두 분은 그런 고문을 안 받았을 것”이라고 했다. 그러면서 “감옥의 독방에서 쇠창살 너머로 지는 해를 보면서 나가면 자유롭게 여행을 하고 살겠다고 마음먹었다”고 말했다.",5
"[논설위원이 간다] 이호철, ""문 대통령은 날 풀어주실 것"" .. 부산 정치판 요동 | 다음뉴스",5
"이호철 ""부산시장 출마 않겠다""
지방선거 관련 처음 입장 밝혀
민주당 선거 전략 수정 불가피",5
"[논설위원이 간다] 이호철, “문 대통령은 날 풀어주실 것” … 부산 정치판 요동 (출처 : 중앙일보 | 네이버 뉴스)",5
"[단독] 이호철 ""부산시장 출마 않겠다"" | 다음뉴스",5
"이호철 전 수석은 “박종철 열사, 김근태 선배보다 내가 몇년 먼저 칠성판을 탔는데, 그때 내가 죽었더라면 두 분은 그런 고문을 안 받았을 것”이라고 했다. 그러면서 “감옥의 독방에서 쇠창살 너머로 지는 해를 보면서 나가면 자유롭게 여행을 하고 살겠다고 마음먹었다”고 말했다.",5
"[단독] SK 포수 이홍구 1월에 현역 군입대한다 | 다음뉴스 
엠스플뉴스 취재 결과, 이홍구는 ‘적성 검사 자기소개서’ 부분에서 점수가 낮았던 것으로 알려졌다.",5
"[DUGOUT Daily]
경찰청, 상무 입단에 실패한 SK 와이번스 이홍구 선수가 1월 현역 군입대를 한다는 소식입니다.
(단독 기사=스포츠 동아)",5
[단독] SK 포수 이홍구 1월에 현역 군입대한다 (출처 : 스포츠동아 | 네이버 스포츠),5
"[SPO 톡] ˙일반병 입대˙ 이홍구, ＂2년 뒤 더 간절한 마음으로 다시 시작＂ (출처 : 스포티비뉴스 | 네이버 스포츠)",5
[단독] SK 포수 이홍구 1월에 현역 군입대한다 (출처 : 스포츠동아 | 네이버 스포츠),5
"[단독] SK 포수 이홍구 1월에 현역 군입대한다 | 다음뉴스 
엠스플뉴스 취재 결과, 이홍구는 ‘적성 검사 자기소개서’ 부분에서 점수가 낮았던 것으로 알려졌다.",5
"SK ＂이홍구, 입대 원했다..선수 미래·구단 상황 고려 결정＂ (출처 : 스타뉴스 | 네이버 스포츠)",5
"[SPO 톡] '일반병 입대' 이홍구, ＂2년 뒤 더 간절한 마음으로 다시 시작＂ (출처 : 스포티비뉴스 | 네이버 스포츠)",5
"[DUGOUT Daily]
경찰청, 상무 입단에 실패한 SK 와이번스 이홍구 선수가 1월 현역 군입대를 한다는 소식입니다.
(단독 기사=스포츠 동아)",5
[단독] SK 포수 이홍구 1월에 현역 군입대한다 (출처 : 스포츠동아 | 네이버 스포츠),5
"[SPO 톡] ˙일반병 입대˙ 이홍구, ＂2년 뒤 더 간절한 마음으로 다시 시작＂ (출처 : 스포티비뉴스 | 네이버 스포츠)",5
[단독] SK 포수 이홍구 1월에 현역 군입대한다 (출처 : 스포츠동아 | 네이버 스포츠),5
[단독] SK 포수 이홍구 1월에 현역 군입대한다 (출처 : 스포츠동아 | 네이버 스포츠),5
"을사오적이 받은 '욱일 훈장', 지금도 한국인이 받고 있다
조석래 효성 회장, 손경식 경총 회장, 이병기 박근혜 전 비서실장, 권철현, 유명환, 유흥수 등 전 일본대사, 김수환, 정의화 전 국회의장, 이홍구 전 국무총리 등이 있으며, 이전에는 김종필 국무총리, 박태준 자민련 총재 등이 있다.",5
"[단독] 을사오적이 받은 '욱일 훈장', 지금도 한국인은 받고 있다 | 다음뉴스",5
"욱일장 수상자, 정치인-박태준,이병기,김수한,정의화,이홍구,권철현,유흥수 등 경제인-손경식,조석래 등
독일은 전쟁 범죄의 상징이라는 이유로 철십자 훈장을 폐지
중국의 경우에는 욱일장을 받는 사람이 한 사람도 없어",5
"을사오적이 받은 '욱일 훈장', 지금도 한국인이 받고 있다
조석래 효성 회장, 손경식 경총 회장, 이병기 박근혜 전 비서실장, 권철현, 유명환, 유흥수 등 전 일본대사, 김수환, 정의화 전 국회의장, 이홍구 전 국무총리 등이 있으며, 이전에는 김종필 국무총리, 박태준 자민련 총재 등이 있다.",5
"[단독] 을사오적이 받은 '욱일 훈장', 지금도 한국인은 받고 있다 | 다음뉴스",5
"이홍구 전 총리 ""일어로 쉽게 얘기할 수 있어... 큰 도움""",5
이홍구 전 총리 ＂일어로 쉽게 얘기할 수 있어... 큰 도움＂ (출처 : 오마이뉴스 | 네이버 뉴스),5
이홍구 “싸움에 에너지 소진해선 안돼”…송호근 “고용주도성장은 어떨까”,5
이회창은 그럴줄 알았다고 자기 아들 이혼시키겠다고 합니다.,5
이회창은 그럴줄 알았다고 자기 아들 이혼시키겠다고 합니다.,5
이회창은 그럴줄 알았다고 자기 아들 이혼시키겠다고 합니다.,5
"안철수, '녹취록 파문' 이후 2년째 이희호 여사 예방 안해",5
"안철수, '녹취록 파문' 이후 2년째 이희호 여사 예방 안해",5
"야구여신 배지현 류현진, 5일 비공개 결혼식...사회는 개그맨 유재석. 방송인 김종민, 김준호, 이휘재, 지석진, 이광수 백지영 등 인기 연예인들 결혼식 참석 (출처 : 최신 유용.. | 블로그)",5
"코엔 측 “이휘재, 2월 계약 만료 앞두고 논의 중” (공식)",5
"이휘재, '슈퍼맨' 제작사 떠나나? ""재계약 여부 열려있어""",5
"야구여신 배지현 류현진, 5일 비공개 결혼식...사회는 개그맨 유재석. 방송인 김종민, 김준호, 이휘재, 지석진, 이광수 백지영 등 인기 연예인들 결혼식 참석 (출처 : 최신 유용.. |",5
"[단독]'배틀트립' MC
이휘재·성시경·김숙..2주년 여행 떠난다",5
"'내 남자의 비밀' 이휘향, 강세정에 송창의 정체 밝혔다..신경전[종합]",5
"'내남자의비밀' 이휘향, 송창의 정체 폭로 임박‥조여오는 목줄[종합]",5
"‘내 남자의 비밀’ 박정아, 생모 이휘향 정체 알고도 외면(종합)",5
"‘내남자의비밀’ 박철호, 이휘향 입막았다 “진실 밝히면 안 돼” (출처 : TV리포트 | 네이버 TV연예)",5
"‘내 남자의 비밀’ 박정아, 이휘향·박철호 사이 의심 “왜 매일 붙어다녀?”",5
"'내 남자의 비밀' 박정아, 이휘향·박철호 사이 의심 ""왜 매일 붙어다녀?""",5
"‘내남자의비밀’ 박철호, 이휘향 입막았다 “진실 밝히면 안 돼”",5
"‘내 남자의 비밀’ 송창의, 만천하에 실체 공개…이휘향 위기[종합]",5
"[TV캡처] '내 남자의 비밀' 박정아, 이휘향에 ""엄마라는 말 그 추한 입에 담지마""",5
"‘내 남자의 비밀’ 송창의, 만천하에 실체 공개…이휘향 위기(종합)",5
"‘내 남자의 비밀’ 이휘향, 윤주상 본색에 경악…쫓겨나기 일보직전",5
"‘나만의 당신’ 이휘향, 오초희에게 물세례 “천박하다”",5
"대낮에 방송 잠시켰는데 까루님 팬들이 몰려와서 성황을 이룬 방송. 오늘저녁 까루님 샬롯 선생님과
개그우먼 이희경 대표님의 돌곰네에서 먹방 있습니다.",5
1차 왕자의 난은 세자 자리를 이복동생에게 빼앗긴 이방원이 일으킨 난으로 정적이었던 정도전과 이복동생인 이방석을 제거한 사건입니다.,5
1392년 태조 이성계가 정도전 등의 인물들과 함께 조선을 열었답니다. :),5
"'정도전' 조재현, ""정도전 역 탐나 PD 회유했다""",5
"고려 후기 들어온 성리학은 원의 영향을 받아 실천적인 측면이 강조되었습니다. 그러나 점차 철학적인 이기론도 진전되어 갔는데, 대표적인 사례로는 정도전의 불씨잡변이 있습니다.",5
정도전은 재상정치를 추구하였으며 조선을 국호로 내세우고 한양으로 수도를 옮겼답니다. :),5
태조께서는 고려 임금을 내치고 새 나라를 개국하시는 데 있어서 매우 주저하셨다. 그러나 나는 정도전과 함께 새 왕조의 개창을 적극적으로 주장하여 관철시켰다.이때까지만 해도 정도전과 나는 동지였다.,5
"고려 공민왕 때 이성계는 요동 정벌에 성공했었으나 여러 문제에 부딪혀 되돌아왔고, 고려 우왕 때는 요동 정벌을 반대하다가 실패하자 요동 정벌군으로 위화도 회군을 했습니다 그러나 조선을 건국하고 왕이 된 후에는 정도전과 함께 요동정벌을 준비하기도 했죠",5
1차 왕자의 난은 세자 자리를 이복동생에게 빼앗긴 이방원이 일으킨 난으로 정적이었던 정도전과 이복동생인 이방석을 제거한 사건입니다.,5
1392년 태조 이성계가 정도전 등의 인물들과 함께 조선을 열었답니다. :),5
"'정도전' 조재현, ""정도전 역 탐나 PD 회유했다""",5
"고려 후기 들어온 성리학은 원의 영향을 받아 실천적인 측면이 강조되었습니다. 그러나 점차 철학적인 이기론도 진전되어 갔는데, 대표적인 사례로는 정도전의 불씨잡변이 있습니다.",5
정도전은 재상정치를 추구하였으며 조선을 국호로 내세우고 한양으로 수도를 옮겼답니다. :),5
태조께서는 고려 임금을 내치고 새 나라를 개국하시는 데 있어서 매우 주저하셨다. 그러나 나는 정도전과 함께 새 왕조의 개창을 적극적으로 주장하여 관철시켰다.이때까지만 해도 정도전과 나는 동지였다.,5
"고려 공민왕 때 이성계는 요동 정벌에 성공했었으나 여러 문제에 부딪혀 되돌아왔고, 고려 우왕 때는 요동 정벌을 반대하다가 실패하자 요동 정벌군으로 위화도 회군을 했습니다 그러나 조선을 건국하고 왕이 된 후에는 정도전과 함께 요동정벌을 준비하기도 했죠",5
1392년 태조 이성계가 정도전 등의 인물들과 함께 조선을 열었답니다. :),5
"헌데 정도전이 모엔파에게서 받은 그 문서는, 정말 도화꾼이 저지른 일일까요. 그게 아니라면..",5
설마 정도전이 상단을 건드리려 합니까?,5
1차 왕자의 난은 세자 자리를 이복동생에게 빼앗긴 이방원이 일으킨 난으로 정적이었던 정도전과 이복동생인 이방석을 제거한 사건입니다.,5
정도전은 재상정치를 추구하였으며 조선을 국호로 내세우고 한양으로 수도를 옮겼답니다. :),5
올해 첫 영화를 보지 못했다. 가장 궁금한 것은 &lt;1987&gt; &lt;두 개의 사랑&gt;. 박종철 역에 매우 놀랐다고 해서 누구지?싶다. &lt;두 개의 사랑&gt;은 파격적이라 언급되는 멘션을 많이 보기도 했고. 난 1987을 70년생 장준환보다 이전 세대 감독이 다뤄줬으면 싶었다. 그리고 오종은 원래 미친놈이라 늘 기대된다.,5
[인터뷰②] 장준환 감독 ＂'역사 박제화 하지 말자' 스스로와 약속＂ (출처 : 일간스포츠 | 네이버 TV연예),5
"'1987' 이한열기념사업회·장준환 ""강동원, 박근혜 서슬 감당하고 출연..깊은 감사"" | 다음 연예",5
"장준환,,, 싫어할 수도 좋아할 수도 없는 사람",5
장준환 까이는 트윗 많이 보이는데 제발 gv인지 라이브톡인지 정확히 뭐라고 했는지 앞뒤 편집 안당한 원문 보고 판단하고 싶다,5
"246만 돌파 ‘1987’ 장준환 감독 “진심 다했다, 통했으면”",5
"전지윤, 신곡 'BECAUSE' 공개 ＂경험·포부 담았다＂ (출처 : 텐아시아 | 네이버 TV연예)",5
허영만 화백이 요즘에 이렇게 사시는군요..,5
1차 왕자의 난은 세자 자리를 이복동생에게 빼앗긴 이방원이 일으킨 난으로 정적이었던 정도전과 이복동생인 이방석을 제거한 사건입니다.,5
1392년 태조 이성계가 정도전 등의 인물들과 함께 조선을 열었답니다. :),5
"정도전' 고나은 ""'용의눈물' 최명길 그림자 부담""(인터",5
"'정도전' 조재현, ""정도전 역 탐나 PD 회유했다""",5
"고려 후기 들어온 성리학은 원의 영향을 받아 실천적인 측면이 강조되었습니다. 그러나 점차 철학적인 이기론도 진전되어 갔는데, 대표적인 사례로는 정도전의 불씨잡변이 있습니다.",5
정도전은 재상정치를 추구하였으며 조선을 국호로 내세우고 한양으로 수도를 옮겼답니다. :),5
[이기환의 흔적의 역사[(상)정도전이 꿈꾼 나라 (출처 : 경향신문 | 네이버 뉴스),5
태조께서는 고려 임금을 내치고 새 나라를 개국하시는 데 있어서 매우 주저하셨다. 그러나 나는 정도전과 함께 새 왕조의 개창을 적극적으로 주장하여 관철시켰다.이때까지만 해도 정도전과 나는 동지였다.,5
"고려 공민왕 때 이성계는 요동 정벌에 성공했었으나 여러 문제에 부딪혀 되돌아왔고, 고려 우왕 때는 요동 정벌을 반대하다가 실패하자 요동 정벌군으로 위화도 회군을 했습니다 그러나 조선을 건국하고 왕이 된 후에는 정도전과 함께 요동정벌을 준비하기도 했죠",5
1차 왕자의 난은 세자 자리를 이복동생에게 빼앗긴 이방원이 일으킨 난으로 정적이었던 정도전과 이복동생인 이방석을 제거한 사건입니다.,5
1392년 태조 이성계가 정도전 등의 인물들과 함께 조선을 열었답니다. :),5
"정도전' 고나은 ""'용의눈물' 최명길 그림자 부담""(인터",5
"'정도전' 조재현, ""정도전 역 탐나 PD 회유했다""",5
"고려 후기 들어온 성리학은 원의 영향을 받아 실천적인 측면이 강조되었습니다. 그러나 점차 철학적인 이기론도 진전되어 갔는데, 대표적인 사례로는 정도전의 불씨잡변이 있습니다.",5
정도전은 재상정치를 추구하였으며 조선을 국호로 내세우고 한양으로 수도를 옮겼답니다. :),5
태조께서는 고려 임금을 내치고 새 나라를 개국하시는 데 있어서 매우 주저하셨다. 그러나 나는 정도전과 함께 새 왕조의 개창을 적극적으로 주장하여 관철시켰다.이때까지만 해도 정도전과 나는 동지였다.,5
"고려 공민왕 때 이성계는 요동 정벌에 성공했었으나 여러 문제에 부딪혀 되돌아왔고, 고려 우왕 때는 요동 정벌을 반대하다가 실패하자 요동 정벌군으로 위화도 회군을 했습니다 그러나 조선을 건국하고 왕이 된 후에는 정도전과 함께 요동정벌을 준비하기도 했죠",5
1392년 태조 이성계가 정도전 등의 인물들과 함께 조선을 열었답니다. :),5
"헌데 정도전이 모엔파에게서 받은 그 문서는, 정말 도화꾼이 저지른 일일까요. 그게 아니라면..",5
설마 정도전이 상단을 건드리려 합니까?,5
[이기환의 흔적의 역사[(상)정도전이 꿈꾼 나라 (출처 : 경향신문 | 네이버 뉴스),5
1차 왕자의 난은 세자 자리를 이복동생에게 빼앗긴 이방원이 일으킨 난으로 정적이었던 정도전과 이복동생인 이방석을 제거한 사건입니다.,5
정도전은 재상정치를 추구하였으며 조선을 국호로 내세우고 한양으로 수도를 옮겼답니다. :),5
"1395년(태조4) 
1월 정도전 등이 &lt;고려국사&gt; 37권을 펴냄
6월 6일 한양부를 한성부로, 양광도를 충청도로 개칭함",5
"[혼잣말] 장혜진의 생일에 고양이를 선물로 주겠다고 하고 장난으로 나를 선물했더니 ""어머, 커다란 고양이네! 야옹 하고 울어보렴."" 하며 머리를 쓰다듬어서 하루종일 야옹거렸던 기억이 난다. 야옹★",5
[혼잣말] TV를 보는데 우희경이 새 영화를 찍었다는 뉴스를 봤다. 재밌어보여서 보러 가려고 생각했는데 같이 갈 사람이 없다. 장혜진을 끌고가기로 했다.,5
"[혼잣말] 장혜진의 생일에 고양이를 선물로 주겠다고 하고 장난으로 나를 선물했더니 ""어머, 커다란 고양이네! 야옹 하고 울어보렴."" 하며 머리를 쓰다듬어서 하루종일 야옹거렸던 기억이 난다. 야옹★",5
[혼잣말] TV를 보는데 우희경이 새 영화를 찍었다는 뉴스를 봤다. 재밌어보여서 보러 가려고 생각했는데 같이 갈 사람이 없다. 장혜진을 끌고가기로 했다.,5
[전 무열 선배와는 다릅니다.] 무열은 그렇게 말하던 태현을 떠올리며 담배를 비벼껐다. 그래. 자네는 나와 다르지. 선을 넘은 자는 넘지 않은 자와는 달라. 그러니까 자네에겐 장혜진의 일은 비밀로 부쳐야지. 긴 한숨을 내뱉고 자리를 떠난 오전 11시.,5
"[무술년은 나의 해] 8월 금빛 물들일 장혜진 ""정상 맛 보니 좋아요""",5
"[무술년은 나의 해] 8월 금빛 물들일 장혜진 ""정상 맛 보니 좋아요""",5
"[무술년은 나의 해] 8월 금빛 물들일 장혜진 ""정상 맛 보니 좋아요""",5
"[무술년은 나의 해] 8월 금빛 물들일 장혜진 ""정상 맛 보니 좋아요""",5
"[무술년은 나의 해] 8월 금빛 물들일 장혜진 ""정상 맛 보니 좋아요""",5
"[무술년은 나의 해] 8월 금빛 물들일 장혜진 ""정상 맛 보니 좋아요""",5
"[무술년은 나의 해] 8월 금빛 물들일 장혜진 ""정상 맛 보니 좋아요""",5
"[무술년은 나의 해] 8월 금빛 물들일 장혜진 ""정상 맛 보니 좋아요""",5
"[무술년은 나의 해] 8월 금빛 물들일 장혜진 ""정상 맛 보니 좋아요""",5
우결 밀당 고수 조정치와 정인의 너무나 쿨한 찌라시 해명  우리 결혼했어요 180 회를 통해서  정인이 해양학과 출신이었다는 사실을 처음 알았네요,5
"ㅋㅋㅋㅋㅋㅋㅋㅋㅋ,, 그 정인이랑 누구냐 그 부부도 왔었어... 딸 개귀엽다구...아 맞아 정인 조정치",5
"“오랜만이다” 조정치, 5년 만에 정규앨범으로 컴백 (출처 : 스포츠월드 | 네이버 TV연예)",5
"조정치, 오랜만에 가수 컴백…""26일 정규 3집 발표"" 【NDT KR】:",5
우결 밀당 고수 조정치와 정인의 너무나 쿨한 찌라시 해명  우리 결혼했어요 180 회를 통해서  정인이 해양학과 출신이었다는 사실을 처음 알았네요,5
"ㅋㅋㅋㅋㅋㅋㅋㅋㅋ,, 그 정인이랑 누구냐 그 부부도 왔었어... 딸 개귀엽다구...아 맞아 정인 조정치",5
"“오랜만이다” 조정치, 5년 만에 정규앨범으로 컴백 (출처 : 스포츠월드 | 네이버 TV연예)",5
"조정치, 오랜만에 가수 컴백…""26일 정규 3집 발표"" 【NDT KR】:",5
"싱어송라이터 조정치, 26일 5년 만에 정규 3집 발표",5
"조정치, 5년 만에 정규 3집 발표",5
"명곡' 정인, 남편 조정치 디스 ""요즘 술에 취해서.."" 폭소",5
저 2주 전에 조정치 편 방청 갔을 때 동생이 챙겨온 과자로 허기를 달랬었어요...... ㅠㅠ,5
"결혼 후 두 사람의 첫 듀엣곡이 조정치 정규 3집에서 공개됩니다!
&gt; 
2018. 01. 26 Coming Soon",5
"정인 ""남편 조정치, 결혼후 술취해 있는 날 많다""",5
"미스틱 측 “정인, 조정치 정규 3집 수록곡 참여”(공식)",5
이거 짱신기해 소리누르면 소리나오는데 조정치님이 연주한거래,5
"[조정치 정규 3집 '3'] 
조정치와 함께 한 9명의 뮤지션을 소개합니다! 
프롬
""그동안의 훌륭한 행보 때문인지, 이제는 목소리만으로 어떤 장르를 만들어 냅니다."" by 조정치",5
"조정치, 정규3집 '3' 베일 벗다…9명 뮤지션 참여",5
"[조정치 정규 3집 '3'] 
조정치와 함께 한 9명의 뮤지션을 소개합니다! 
Kinie.K
""싱어로서 말할 것도 없고, 프로듀서로서의 능력도 뛰어나기 때문에 전반적인 작업에 길을 찾는데 의지를 많이 할 수밖에 없었습니다."" by 조정치",5
"조정치 정규앨범, 정인·선우정아 등 9명 뮤지션 참여
&gt;",5
조정치 신보에 실력파 뮤지션 9명 지원사격 나선다,5
"정일우 신부 선종 ""복음자리 딸기쨈 만들어 빈민 도운 ...",5
복음자리 딸기쨈으로 철거민 도운 정일우 신부 선종,5
복음자리 딸기쨈으로 철거민 도운 정일우 신부 선종,5
"정일우 신부 선종, 평생 빈민 위해 살아온 '빈민의 아버...",5
복음자리 딸기쨈 만든 정일우 신부 별세..'빈민의 아버지',5
"'야경꾼 일지' 김흥수, 정일우에 ""진실만을 말해라"" 충고",5
그런 모습이 라디오스타에 그대로 나온 것 같다라고 전했다 [Oh!쎈 톡] 최민수 측 캐릭터 덕 밝아져..라스에 그대로 담겨,5
"Rt.나 이거랑 비슷한 거 들었어. 최민수가 박상면 신인 때 ""네 눈동자에서 검은새의 날개짓을 보았어"" 그랬대..",5
배우 장미희 나이 리즈와 젊은시절 모습 궁금해!-Tistory News Korea:,5
"[TV와치]‘흑기사’ 서지혜 장미희, 중독성 있는 불사신 콤비",5
배우 장미희 나이 리즈와 젊은시절 모습 궁금해! | 뉴스 기사,5
"신세경, 장미희 공방에서 함께 있는 모습 포착!(흑기사)",5
"신세경, 장미희 공방에서 함께 있는 모습 포착!(흑기사)",5
난 고인물이 안니 거 같다 나대서 죄송합ㅂㄴㄷ ㅣ다 장미희님을 사랑은 은하수 다방에서 밖에 본 적이 업음,5
거실 지나가다가 티비에서 서지혜 분이 갑자기 줄자 던져버리고 장미희 분 허리 안으면서 손으로 치수를 재는걸 보고 너무 놀라 그대로 앉아서 드라마를 다 보고 말앗다,5
"`흑기사` 김래원, 구사일생 하다..장미희 \""이 나라를 떠나\"" 경고",5
"[TV캡처] \'흑기사\' 서지혜, 장미희에 \""내가 김래원 죽였어\"" 고백",5
"‘흑기사’ 서지혜, 김래원 찌른 후 장미희 찾아갔다 ‘심각한 분위기’",5
"\'흑기사\' 장미희, 서지혜 향한 \'냉랭 표정\'…200년 애증 관계 변화 생기나?",5
"서지혜, 김래원 찌르고 향한 곳은? 장미희 공방에서 포착!(흑기사)",5
"‘흑기사’ 서지혜, 김래원 찌르고 장미희 찾았다…표정은 ‘냉담’",5
"[DAY컷] '흑기사' 서지혜X장미희, 200년만에 갈라서나..심각한 분위기 | 다음 연예",5
"‘흑기사’ 김래원 찌른 서지혜, 장미희에 고백",5
"\'흑기사\' 서지혜, 김래원 찌르고 장미희 찾았다...표정은 \'냉담\'",5
"\'흑기사\' 서지혜X장미희, 200년↑ 애증의 공생관계…변화 생기나?",5
"서지혜, 김래원 찌르고 향한 곳은? 장미희 공방에서 포착!(흑기사)",5
"[DAY컷] '흑기사' 서지혜X장미희, 200년만에 갈라서나..심각한 분위기",5
신세경-장미희 황망한 표정에 불안감 고조! (흑기사),5
"\'흑기사\' 김래원신세경, 결혼 준비…장미희에게 주례 부탁",5
"\""장미희 기도 탓\""...\'흑기사\' 서지혜, 김래원신세경 기억만 잃었다",5
"재효: (블락비를 만나서 떨린다는 팬에게) 근데 생각보다 안떨려 보여 너.
지코: 형도 아무리 무대에서 떨어도 밥은 잘먹잖아.",5
황진이가 쓴 시가 갑자기 생각난다,5
"장근석·한예리·정웅인·박호산, SBS ˙스위치˙ 확정..막강 캐스팅 [종합] (출처 : OSEN | 네이버 TV연예)",5
"SBS “장근석X한예리, 새 수목 ‘스위치’ 출연확정”(공식)",5
"[단독]＂죄수서 검사…＂ 박호산, SBS ˙스위치˙ 출연 (출처 : 일간스포츠 | 네이버 TV연예) 
[단독] ˙팽부장˙ 정웅인, ˙스위치˙ 전격 합류…장근석x한예리 호흡 (출처 : TV리포트 | 네이버 TV연예)",5
"[종합] 장근석X한예리, ˙스위치˙ 출연 확정..＂사기꾼-검사 케미 기대＂ (출처 : 서울경제 | 네이버 TV연예)",5
"[단독] 장근석·한예리, SBS '스위치' 출연 확정..3월 첫방송 (출처 : OSEN | 네이버 TV연예)",5
"장근석 한예리 양측 “SBS ‘스위치’ 출연 확정”(공식) 
チャン・グンソクハンイェリ両側」SBS「スイッチ」に出演確定 ""（公式）",5
"[단독] '팽부장' 정웅인, '스위치' 전격 합류…장근석x한예리 호흡 (출처 : TV리포트 | 네이버 TV연예)",5
한예리 측 “SBS ‘스위치’ 출연 확정”…장근석과 호흡 (공식) (출처 : 네이버 스타캐스트),5
"SBS 측 “장근석·한예리, ‘스위치’ 출연 확정”
출처 : 매일경제 | 네이버 TV연예
 
좋아요お願いします！",5
장근석 한예리 양측 “SBS ‘스위치’ 출연 확정”(공식),5
"[단독] 장근석·한예리, SBS '스위치' 출연 확정..3월 첫방송 (출처 : OSEN | 네이버 TV연예)",5
우결 밀당 고수 조정치와 정인의 너무나 쿨한 찌라시 해명  우리 결혼했어요 180 회를 통해서  정인이 해양학과 출신이었다는 사실을 처음 알았네요,5
"ㅋㅋㅋㅋㅋㅋㅋㅋㅋ,, 그 정인이랑 누구냐 그 부부도 왔었어... 딸 개귀엽다구...아 맞아 정인 조정치",5
"“오랜만이다” 조정치, 5년 만에 정규앨범으로 컴백 (출처 : 스포츠월드 | 네이버 TV연예)",5
"조정치, 오랜만에 가수 컴백…""26일 정규 3집 발표"" 【NDT KR】:",5
"조정치, 5년만에 정규 3집 발표…26일 발매
&gt;",5
"조정치, 5년 만 정규 3집 26일 발표 확정",5
"싱어송라이터 조정치, 26일 5년 만에 정규 3집 발표",5
우결 밀당 고수 조정치와 정인의 너무나 쿨한 찌라시 해명  우리 결혼했어요 180 회를 통해서  정인이 해양학과 출신이었다는 사실을 처음 알았네요,5
"ㅋㅋㅋㅋㅋㅋㅋㅋㅋ,, 그 정인이랑 누구냐 그 부부도 왔었어... 딸 개귀엽다구...아 맞아 정인 조정치",5
"“오랜만이다” 조정치, 5년 만에 정규앨범으로 컴백 (출처 : 스포츠월드 | 네이버 TV연예)",5
"조정치, 오랜만에 가수 컴백…""26일 정규 3집 발표"" 【NDT KR】:",5
"조정치, 5년만에 정규 3집 발표…26일 발매
&gt;",5
"조정치, 5년 만 정규 3집 26일 발표 확정",5
"싱어송라이터 조정치, 26일 5년 만에 정규 3집 발표",5
"조정치, 5년 만에 정규 3집 발표",5
"명곡' 정인, 남편 조정치 디스 ""요즘 술에 취해서.."" 폭소",5
"결혼 후 두 사람의 첫 듀엣곡이 조정치 정규 3집에서 공개됩니다!
&gt; 
2018. 01. 26 Coming Soon",5
"정인 ""남편 조정치, 결혼후 술취해 있는 날 많다""",5
"미스틱 측 “정인, 조정치 정규 3집 수록곡 참여”(공식)",5
조정치 / 26일(금) MBC FM4U &lt;정유미의FM데이트&gt;(저녁8:00-10:00)에 게스트로 프롬님과 함께 나오십니다!,5
"[조정치 정규 3집 '3'] 
조정치와 함께 한 9명의 뮤지션을 소개합니다! 
프롬
""그동안의 훌륭한 행보 때문인지, 이제는 목소리만으로 어떤 장르를 만들어 냅니다."" by 조정치",5
"조정치, 정규3집 '3' 베일 벗다…9명 뮤지션 참여",5
"[조정치 정규 3집 '3'] 
조정치와 함께 한 9명의 뮤지션을 소개합니다! 
Kinie.K
""싱어로서 말할 것도 없고, 프로듀서로서의 능력도 뛰어나기 때문에 전반적인 작업에 길을 찾는데 의지를 많이 할 수밖에 없었습니다."" by 조정치",5
"조정치 정규앨범, 정인·선우정아 등 9명 뮤지션 참여
&gt;",5
조정치 신보에 실력파 뮤지션 9명 지원사격 나선다,5
"[콕TV] '한여름' 최강희의 진가, 모두의 연애로 공감 저격 (출처 : TV리포트 | 네이버 TV연예)",5
"'한여름의추억' 최강희, 죽음으로 깨달은 이준혁 향한 (종합) (출처 : 헤럴드POP | 네이버 TV연예)",5
"임원희 식객칼, 이번엔 거대장어 손질(정글의법칙)",5
"정글의 법칙' 임원희, 거대 장어 손질에 직접 나서 '방...",5
배우 한예리는 왜 빼시는거죠..,5
"뭅뭅 매거진 인터뷰에서 이주영 배우님이 운명의 그녀(?)로 &lt;춘몽&gt;을 함께 작업했던 한예리 배우님을 언급해주셨... 두 배우님들 또 한 작품 같이 해 주셔라.. 
인터뷰 링크:",5
"SBS ""장근석·한예리·박호산·정웅인, '리턴' 후속 '스위치' 확정"" [공식입장]",5
"장근석·한예리·정웅인·박호산, SBS ˙스위치˙ 확정..막강 캐스팅 [종합] (출처 : OSEN | 네이버 TV연예)",5
"SBS “장근석X한예리, 새 수목 ‘스위치’ 출연확정”(공식)",5
"[단독]＂죄수서 검사…＂ 박호산, SBS ˙스위치˙ 출연 (출처 : 일간스포츠 | 네이버 TV연예) 
[단독] ˙팽부장˙ 정웅인, ˙스위치˙ 전격 합류…장근석x한예리 호흡 (출처 : TV리포트 | 네이버 TV연예)",5
"[종합] 장근석X한예리, ˙스위치˙ 출연 확정..＂사기꾼-검사 케미 기대＂ (출처 : 서울경제 | 네이버 TV연예)",5
"[단독] 장근석·한예리, SBS '스위치' 출연 확정..3월 첫방송 (출처 : OSEN | 네이버 TV연예)",5
"장근석 한예리 양측 “SBS ‘스위치’ 출연 확정”(공식) 
チャン・グンソクハンイェリ両側」SBS「スイッチ」に出演確定 ""（公式）",5
"[단독] '팽부장' 정웅인, '스위치' 전격 합류…장근석x한예리 호흡 (출처 : TV리포트 | 네이버 TV연예)",5
한예리 측 “SBS ‘스위치’ 출연 확정”…장근석과 호흡 (공식) (출처 : 네이버 스타캐스트),5
"정준일 - 안아줘.. 
저음은 역시 나한텐 안어울리나 흠...",5
"한상진 ""국민-바른 통합, DJ-박정희 결합시키면 시너지""",5
"[출발 새아침] 1월 19일 금요일
한상진 “통합신당, ‘DJ-박정희’ 결합하면 한국정치 바꿀 것”=&gt;전문보기
(",5
"[공식입장] ‘데릴남편 오작두’ 김강우X유이 캐스팅 완료, 곧 대본리딩",5
"[일간 경인] ‘인형의 집’ 이은형-한상진, 일일극 ‘프린스 X 황태자’ 투톱 낙점!",5
10년만에 리마스터로 재가동된 하얀거탑갤에 한상진 인증함ㅋㅋ,5
"한상진 ＂다시보는 '하얀거탑', 첫사랑 보는 기분＂ 소감 (출처 : 엑스포츠뉴스 | 네이버 TV연예)",5
"[일간경인] ‘인형의 집’ 이은형-한상진, 일일극 ‘프린스 X 황태자’ 투톱 낙점!",5
"[뉴스포털 스타투데이]권양헌 감독, 송윤아·한상진 주연, 국내 최초 극장형 VR 영화‘Nine Days’ 메이킹 영상 공개",5
"[일간 경인] ‘인형의 집’ 이은형-한상진, 일일극 ‘프린스 X 황태자’ 투톱 낙점!",5
벤제마 연관검색어에 한상진 있다 닮았네 ㅋ,5
"권양헌 감독, 송윤아·한상진 주연, 국내 최초 극장형 VR 영화‘Nine Days’ 메이킹 영상 공개",5
"[일간경인] ‘인형의 집’ 이은형-한상진, 일일극 ‘프린스 X 황태자’ 투톱 낙점!",5
"[텔리뷰] \'하얀거탑\' 김명민, 한상진에 \'감언이설\'…자기 사람 만들었다",5
한상진횽 거탑갤 갤주네 ㅋㅋㅋㅋㅋㅋㅋㅋㅋㅋㅋㅋㅋㅋㅋㅋㅋㅋㅋ,5
"[포인트1분] \'하얀거탑 리마스터드\' 한상진, \""과장 후보 리스트 봤다\""",5
"[일간경인] ‘인형의 집’ 이은형-한상진, 일일극 ‘프린스 X 황태자’ 투톱 낙점!",5
\'인형의 집\' 최명길-박하나-왕빛나-한상진..최강 팀워크,5
‘인형의 집’ 최명길-박하나-왕빛나-이은형-한상진-이호재 등 최강 팀워크 확인！,5
"'슈스캐' 장재인, 윤종신 곡으로 컴백…미스틱엔터테인먼트 새해 첫 주자
[서울=내외뉴스통신] 황태호 기자 = '슈퍼스타 K' 출신 가수 장재인이 컴백한다.",5
"장재인, 2018년 미스틱 첫 주자…윤종신 곡으로 15일 컴백
&gt; 
2018. 01. 15 Coming Soon",5
"장재인, 2018년 미스틱 첫 주자로 등판…윤종신 프로듀싱 곡으로 15일 컴백",5
"새해 미스틱 첫 주자 장재인, 윤종신 곡으로 15일 컴백",5
몇년전에 이와이감독특별전을 했을 당시 내한gv에 간 적이 있었는데 거기서 장재인씨가 저 영화의 테마곡을 불러줬었던 기억이 난다.,5
"장재인, 신곡은 '버튼'..윤종신X조정치 지원사격
&gt;",5
"장재인, 윤종신이 만든 ‘버튼’으로 컴백",5
"‘2018 미스틱 첫 주자’ 장재인, 오늘(15일) 신곡 ‘버튼’ 공개",5
"장재인 ""윤종신 조언대로 신곡 마음껏 내질러 불렀다"":",5
"27-1.세종대왕은 3년간의 연구 끝에 1443년 한글을 창제했고, 오늘날 10월 9일은 한글날로 정해졌다. 과학 기술에도 두루 관심을 보여 자격루, 물시계등의 개발을 전폭 지원했고, 장영실(蔣英實), 최해산(崔海山) 등의 학자들을 후원하였다.",5
"27-1.세종대왕은 3년간의 연구 끝에 1443년 한글을 창제했고, 오늘날 10월 9일은 한글날로 정해졌다. 과학 기술에도 두루 관심을 보여 자격루, 물시계등의 개발을 전폭 지원했고, 장영실(蔣英實), 최해산(崔海山) 등의 학자들을 후원하였다.",5
"1441년(세종23) 
8월 장영실, 이천 등이 세계 최고의 철제 측우기를 제작함
&lt;직해소학(直解小學)&gt; 10부를 향교와 문신에게 내려줌",5
"1441년 장영실이 발명한 측우기는 깊이 40센티미터, 지금 16센티미터, 측정 단위 2밀리미터로서 당시 가장 정교한 것이며, 세계 최초의 측우기로 서양보다 200년 앞선 것이다.",5
"1441년 장영실이 발명한 측우기는 깊이 40센티미터, 지금 16센티미터, 측정 단위 2밀리미터로서 당시 가장 정교한 것이며, 세계 최초의 측우기로 서양보다 200년 앞선 것이다.",5
이혜정 ¨이희준과 결혼 후 내 편이 생긴 것 같아 편안해져¨,5
"1987, 김윤석-김태리-이희준-여진구-장준환 감독 3주차 대전-부산 무대인사 확정 :",5
이혜정 ¨이희준과 결혼 후 내 편이 생긴 것 같아 편안해져¨,5
"tvn에 원미경, 이희준 자주 나오네",5
"'연예가중계' 이희준 ""'해무' 매일 회식, 가게 술 동났다""",5
"김윤석·강동원, 고 박종철·문익환 잠든 모란공원 비공개 방문 
‘1987’의 장준환 감독을 비롯해 스태프 그리고 배우 김윤석, 강동원, 이희준, 여진구 등 약 30명이 13일 오전 고인들이 잠든 마석 모란공원 민주열사묘역을 방문했다.",5
제레미사무관과 닮았다는 얘길 종종 듣습니다. 한 20여년째 듣고 있는 것 같네요...,5
"응, 발버둥 쳐. 아예 안 풀어준다는 건 아니야. 이것도 제레미가 신뢰를 쌓아서 그런거니까 제레미한테 고맙게 생각하라고.",5
제레미사무관과 닮았다는 얘길 종종 듣습니다. 한 20여년째 듣고 있는 것 같네요...,5
"""アイユのミューズ？幸せ。私の支えであり、仲間""
[직격인터뷰②] 유인나 ""아이유의 뮤즈? 행복해..내 버팀목이자 동반자""",5
"[OSEN 뉴스] [직격인터뷰②] 유인나 '아이유의 뮤즈? 행복해..내 버팀목이자 동반자' 
'내가 책임지고 보살펴줘야 할 사람이고 동시에 내가 힘들 때 기댈 수 있는 버팀목이다. 평생 서로의 삶에 참견하며, 맛있는 거 많이 먹으며 살기로 했다.'",5
"[직격인터뷰②] 유인나 ""아이유의 뮤즈? 행복해..내 버팀목이자 동반자""",5
"유인나에게 아이유란
“내가 책임지고 보살펴줘야 할 사람이고 동시에 내가 힘들 때 기댈 수 있는 버팀목이다. 평생 서로의 삶에 참견하며, 맛있는 거 많이 먹으며 살기로 했다.”",5
[OSEN 뉴스] [직격인터뷰②] 유인나 ＇아이유의 뮤즈? 행복해..내 버팀목이자 동반자＇,5
"[직격인터뷰①] 유인나 ""이 일이 맞나 싶을 때 만난 '도깨비', 늘 감사해""",5
"""アイユのミューズ？幸せ。私の支えであり、仲間""
[직격인터뷰②] 유인나 ""아이유의 뮤즈? 행복해..내 버팀목이자 동반자""",5
"[OSEN 뉴스] [직격인터뷰②] 유인나 '아이유의 뮤즈? 행복해..내 버팀목이자 동반자' 
'내가 책임지고 보살펴줘야 할 사람이고 동시에 내가 힘들 때 기댈 수 있는 버팀목이다. 평생 서로의 삶에 참견하며, 맛있는 거 많이 먹으며 살기로 했다.'",5
"[직격인터뷰②] 유인나 ""아이유의 뮤즈? 행복해..내 버팀목이자 동반자""",5
"유인나에게 아이유란
“내가 책임지고 보살펴줘야 할 사람이고 동시에 내가 힘들 때 기댈 수 있는 버팀목이다. 평생 서로의 삶에 참견하며, 맛있는 거 많이 먹으며 살기로 했다.”",5
[OSEN 뉴스] [직격인터뷰②] 유인나 ＇아이유의 뮤즈? 행복해..내 버팀목이자 동반자＇,5
"[직격인터뷰①] 유인나 ""이 일이 맞나 싶을 때 만난 '도깨비', 늘 감사해""",5
"정몽규 축구협회장 ""월드컵 16강 이상 달성 최선"" | 월드컵 - 러WC",5
"정몽규 축구협회장 ""월드컵 16강 이상 달성 최선"" | 다음뉴스",5
"정몽규 축구협회장 ""월드컵 16강 이상 달성 최선"" | 월드컵 - 러WC",5
"정몽규 축구협회장 ""월드컵 16강 이상 달성 최선"" | 월드컵 - 러WC",5
"정몽규 축구협회장 ""월드컵 16강 이상 달성 최선"" | 다음뉴스",5
"정몽규 축구협회장 ""월드컵 16강 이상 달성 최선"" | 월드컵 - 러WC",5
"정몽규 축구협회장 ""월드컵 16강 이상 달성 최선"" | 월드컵 - 러WC",5
"정몽규 현대산업개발 회장, 평창동계올림픽 선수단에 격려금 전달",5
"정몽규 회장, 평창 동계올림픽 선수단에 격려금 1억원 전달 | 다음뉴스",5
"[이코노믹포스트] HDC현대산업개발 정몽규 회장, 평창 선수단에 1억원 전달",5
"정몽규 HDC현대산업개발 회장, 평창 동계올림픽 선수단에 격려금 1억 원 전달",5
"정몽규 현대산업개발 회장, 평창동계올림픽 선수단에 격려금 전달",5
"정몽규 회장, 평창 동계올림픽 선수단에 격려금 1억원 전달 | 다음뉴스",5
"[이코노믹포스트] HDC현대산업개발 정몽규 회장, 평창 선수단에 1억원 전달",5
"정몽규 HDC현대산업개발 회장, 평창 동계올림픽 선수단에 격려금 1억 원 전달",5
"정몽규 HDC현대산업개발 회장, 격려금 1억원 평창 동계올림픽 선수단에 전달",5
정몽규는 정세영이 늦게 얻은 아들이라고 합니다. 이것도 드라마에서 조금 나온다고 합니다.,5
2017 KBS연기대상 - ［2017 KBS연기대상］ 우수상 미니시리즈 ‘장나라’·‘김지원’ 수상! ‘장나라’ 수상소감. 2017...,5
[효민] 해외 팬들이 좋아해주시는 이유는 특별한 건 없는데 보니까 저희가 콘텐츠가 많다. 한창 바쁠 땐 힘들었지만 이제와서 보니 다행이고 감사하다. 한 달에 뮤직비디오 한 개 꼴로 찍었다. (제보 : 징빠님),5
복음자리 딸기쨈 만든 정일우신부..철거민들의 자립 도와,5
"정일우 신부 선종 ""복음자리 딸기쨈 만들어 빈민 도운 ...",5
복음자리 딸기쨈으로 철거민 도운 정일우 신부 선종,5
복음자리 딸기쨈으로 철거민 도운 정일우 신부 선종,5
"정일우 신부 선종, 평생 빈민 위해 살아온 '빈민의 아버...",5
복음자리 딸기쨈 만든 정일우 신부 별세..'빈민의 아버지',5
"'타블로 눈,코,입' 감성적인 영어 랩핑..태양도 직접 참여",5
타블로의 학력논란이 커지자 MBC 방송국측에서 타블로와 타진요회원에게 스탠포드 대학에 직접가서 확인을하자고 섭외요청을 하였고..타블로는 이에 응했지만.. 타진요회원은 살인의위협을 느낀다는 이유로 방송에 불참했다.,5
트와이스·에이핑크·러블리즈·타블로 등 스타들이 전한 새해인사… “따스한 새해 되길”,5
타블로는 청첩장 받으러 가야되는데 무한도전 벼농사 수확하는데 붙들려 강혜정에게 슬픈 영상편지를 남기기도 했다.. 전진이랑 같이 벼는 안베고 콤바인키 찾다가 스탠나온 머리 거기쓰냐며 욕먹기도.,5
에픽하이의 타블로는 뮤직비디오 촬영장에서 선수들이 타고 온 스케이트보드를 빌려 타면서 멋진 모습을 보여주었습니다.goo.gl/fk4R56,5
잇츠힙합에서 그날 투컷오빠가 네일관리받았다고 타블로랑 미쓰라가 계속갈구면서 힙합정신이없느니 하면서놀려서 실제로투컷삐짐ㅋㅋ,5
"'비디오스타' 정두홍 ＂강동원, 제일 폼 나는 액션배우＂ (출처 : 마이데일리 | 네이버 TV연예)",5
"비디오스타 무술감독 정두홍, 아시아 톱모델과 이혼후 16살 연하 요가강사 부인과 재혼한 사연 | 뉴스 기사",5
"‘비스’ 무술 감동 정두홍, “정우성은 액션·인성 모두 훌륭”",5
‘비디오스타’ 정두홍 “액션 잘하는 여배우 1위는 하지원” (출처 : MBN | 네이버 TV연예)…,5
옛날만큼 보이그룹 전성기였던 때 임재범과 휘성 김진호가 그걸 깨버리고 한때 중저음보컬이 엄청 유행이던 시절이 있었음.,5
어제 그 데뷔15주년이라고 말하면서 처음에 데뷔할때 최휘성으로 할까하다가 오빠가 휘성어때요? 이래서 휘성으로 하게됬다고 함,5
‘비디오스타’ 국민남편 최수종 “하희라와 함께 있는 것이 선물”,5
